Analysis & Synthesis report for fechadura-eletronica
Tue Jun  9 15:54:04 2026
Quartus Prime Version 25.1std.0 Build 1129 10/21/2025 SC Lite Edition


---------------------
; Table of Contents ;
---------------------
  1. Legal Notice
  2. Analysis & Synthesis Summary
  3. Analysis & Synthesis Settings
  4. Parallel Compilation
  5. Analysis & Synthesis Source Files Read
  6. Analysis & Synthesis Resource Usage Summary
  7. Analysis & Synthesis Resource Utilization by Entity
  8. Analysis & Synthesis DSP Block Usage Summary
  9. State Machine - |DE1_SOC_golden_top|operacional:my_operacional|state
 10. State Machine - |DE1_SOC_golden_top|operacional:my_operacional|state_return
 11. State Machine - |DE1_SOC_golden_top|decodificador_de_teclado:my_teclado|state
 12. State Machine - |DE1_SOC_golden_top|setup:my_setup|state
 13. Registers Removed During Synthesis
 14. General Register Statistics
 15. Inverted Register Statistics
 16. Multiplexer Restructuring Statistics (Restructuring Performed)
 17. Parameter Settings for Inferred Entity Instance: setup:my_setup|lpm_divide:Mod0
 18. Parameter Settings for Inferred Entity Instance: setup:my_setup|lpm_divide:Div0
 19. Port Connectivity Checks: "debounce:my_sw9"
 20. Port Connectivity Checks: "debounce:my_sw8"
 21. Port Connectivity Checks: "debounce:my_sw7"
 22. Port Connectivity Checks: "debounce:my_sw6"
 23. Port Connectivity Checks: "debounce:my_sw5"
 24. Port Connectivity Checks: "debounce:my_sw0"
 25. Port Connectivity Checks: "segment7:CONV_5"
 26. Port Connectivity Checks: "segment7:CONV_4"
 27. Port Connectivity Checks: "segment7:CONV_3"
 28. Port Connectivity Checks: "segment7:CONV_2"
 29. Port Connectivity Checks: "segment7:CONV_1"
 30. Port Connectivity Checks: "segment7:CONV_0"
 31. Port Connectivity Checks: "setup:my_setup"
 32. Post-Synthesis Netlist Statistics for Top Partition
 33. Elapsed Time Per Partition
 34. Analysis & Synthesis Messages
 35. Analysis & Synthesis Suppressed Messages



----------------
; Legal Notice ;
----------------
Copyright (C) 2025  Altera Corporation. All rights reserved.
Your use of Altera Corporation's design tools, logic functions 
and other software and tools, and any partner logic 
functions, and any output files from any of the foregoing 
(including device programming or simulation files), and any 
associated documentation or information are expressly subject 
to the terms and conditions of the Altera Program License 
Subscription Agreement, the Altera Quartus Prime License Agreement,
the Altera IP License Agreement, or other applicable license
agreement, including, without limitation, that your use is for
the sole purpose of programming logic devices manufactured by
Altera and sold by Altera or its authorized distributors.  Please
refer to the Altera Software License Subscription Agreements 
on the Quartus Prime software download page.



+-----------------------------------------------------------------------------------+
; Analysis & Synthesis Summary                                                      ;
+---------------------------------+-------------------------------------------------+
; Analysis & Synthesis Status     ; Successful - Tue Jun  9 15:54:04 2026           ;
; Quartus Prime Version           ; 25.1std.0 Build 1129 10/21/2025 SC Lite Edition ;
; Revision Name                   ; fechadura-eletronica                            ;
; Top-level Entity Name           ; DE1_SOC_golden_top                              ;
; Family                          ; Cyclone V                                       ;
; Logic utilization (in ALMs)     ; N/A                                             ;
; Total registers                 ; 949                                             ;
; Total pins                      ; 241                                             ;
; Total virtual pins              ; 0                                               ;
; Total block memory bits         ; 0                                               ;
; Total DSP Blocks                ; 3                                               ;
; Total HSSI RX PCSs              ; 0                                               ;
; Total HSSI PMA RX Deserializers ; 0                                               ;
; Total HSSI TX PCSs              ; 0                                               ;
; Total HSSI PMA TX Serializers   ; 0                                               ;
; Total PLLs                      ; 0                                               ;
; Total DLLs                      ; 0                                               ;
+---------------------------------+-------------------------------------------------+


+-----------------------------------------------------------------------------------------------------------------------------+
; Analysis & Synthesis Settings                                                                                               ;
+---------------------------------------------------------------------------------+--------------------+----------------------+
; Option                                                                          ; Setting            ; Default Value        ;
+---------------------------------------------------------------------------------+--------------------+----------------------+
; Device                                                                          ; 5CSEMA5F31C6       ;                      ;
; Top-level entity name                                                           ; DE1_SOC_golden_top ; fechadura-eletronica ;
; Family name                                                                     ; Cyclone V          ; Cyclone V            ;
; Use smart compilation                                                           ; On                 ; Off                  ;
; Maximum processors allowed for parallel compilation                             ; All                ;                      ;
; VHDL Show LMF Mapping Messages                                                  ; Off                ;                      ;
; Verilog Show LMF Mapping Messages                                               ; Off                ;                      ;
; Verilog Version                                                                 ; SystemVerilog_2005 ; Verilog_2001         ;
; VHDL Version                                                                    ; VHDL_2008          ; VHDL_1993            ;
; Enable parallel Assembler and Timing Analyzer during compilation                ; On                 ; On                   ;
; Enable compact report table                                                     ; Off                ; Off                  ;
; Restructure Multiplexers                                                        ; Auto               ; Auto                 ;
; MLAB Add Timing Constraints For Mixed-Port Feed-Through Mode Setting Don't Care ; Off                ; Off                  ;
; Create Debugging Nodes for IP Cores                                             ; Off                ; Off                  ;
; Preserve fewer node names                                                       ; On                 ; On                   ;
; Intel FPGA IP Evaluation Mode                                                   ; Enable             ; Enable               ;
; State Machine Processing                                                        ; Auto               ; Auto                 ;
; Safe State Machine                                                              ; Off                ; Off                  ;
; Extract Verilog State Machines                                                  ; On                 ; On                   ;
; Extract VHDL State Machines                                                     ; On                 ; On                   ;
; Ignore Verilog initial constructs                                               ; Off                ; Off                  ;
; Iteration limit for constant Verilog loops                                      ; 5000               ; 5000                 ;
; Iteration limit for non-constant Verilog loops                                  ; 250                ; 250                  ;
; Add Pass-Through Logic to Inferred RAMs                                         ; On                 ; On                   ;
; Infer RAMs from Raw Logic                                                       ; On                 ; On                   ;
; Parallel Synthesis                                                              ; On                 ; On                   ;
; DSP Block Balancing                                                             ; Auto               ; Auto                 ;
; NOT Gate Push-Back                                                              ; On                 ; On                   ;
; Power-Up Don't Care                                                             ; On                 ; On                   ;
; Remove Redundant Logic Cells                                                    ; Off                ; Off                  ;
; Remove Duplicate Registers                                                      ; On                 ; On                   ;
; Ignore CARRY Buffers                                                            ; Off                ; Off                  ;
; Ignore CASCADE Buffers                                                          ; Off                ; Off                  ;
; Ignore GLOBAL Buffers                                                           ; Off                ; Off                  ;
; Ignore ROW GLOBAL Buffers                                                       ; Off                ; Off                  ;
; Ignore LCELL Buffers                                                            ; Off                ; Off                  ;
; Ignore SOFT Buffers                                                             ; On                 ; On                   ;
; Limit AHDL Integers to 32 Bits                                                  ; Off                ; Off                  ;
; Optimization Technique                                                          ; Balanced           ; Balanced             ;
; Carry Chain Length                                                              ; 70                 ; 70                   ;
; Auto Carry Chains                                                               ; On                 ; On                   ;
; Auto Open-Drain Pins                                                            ; On                 ; On                   ;
; Perform WYSIWYG Primitive Resynthesis                                           ; Off                ; Off                  ;
; Auto ROM Replacement                                                            ; On                 ; On                   ;
; Auto RAM Replacement                                                            ; On                 ; On                   ;
; Auto DSP Block Replacement                                                      ; On                 ; On                   ;
; Auto Shift Register Replacement                                                 ; Auto               ; Auto                 ;
; Allow Shift Register Merging across Hierarchies                                 ; Auto               ; Auto                 ;
; Auto Clock Enable Replacement                                                   ; On                 ; On                   ;
; Strict RAM Replacement                                                          ; Off                ; Off                  ;
; Allow Synchronous Control Signals                                               ; On                 ; On                   ;
; Force Use of Synchronous Clear Signals                                          ; Off                ; Off                  ;
; Auto Resource Sharing                                                           ; Off                ; Off                  ;
; Allow Any RAM Size For Recognition                                              ; Off                ; Off                  ;
; Allow Any ROM Size For Recognition                                              ; Off                ; Off                  ;
; Allow Any Shift Register Size For Recognition                                   ; Off                ; Off                  ;
; Use LogicLock Constraints during Resource Balancing                             ; On                 ; On                   ;
; Ignore translate_off and synthesis_off directives                               ; Off                ; Off                  ;
; Timing-Driven Synthesis                                                         ; On                 ; On                   ;
; Report Parameter Settings                                                       ; On                 ; On                   ;
; Report Source Assignments                                                       ; On                 ; On                   ;
; Report Connectivity Checks                                                      ; On                 ; On                   ;
; Ignore Maximum Fan-Out Assignments                                              ; Off                ; Off                  ;
; Synchronization Register Chain Length                                           ; 3                  ; 3                    ;
; Power Optimization During Synthesis                                             ; Normal compilation ; Normal compilation   ;
; HDL message level                                                               ; Level2             ; Level2               ;
; Suppress Register Optimization Related Messages                                 ; Off                ; Off                  ;
; Number of Removed Registers Reported in Synthesis Report                        ; 5000               ; 5000                 ;
; Number of Swept Nodes Reported in Synthesis Report                              ; 5000               ; 5000                 ;
; Number of Inverted Registers Reported in Synthesis Report                       ; 100                ; 100                  ;
; Clock MUX Protection                                                            ; On                 ; On                   ;
; Auto Gated Clock Conversion                                                     ; Off                ; Off                  ;
; Block Design Naming                                                             ; Auto               ; Auto                 ;
; SDC constraint protection                                                       ; Off                ; Off                  ;
; Synthesis Effort                                                                ; Auto               ; Auto                 ;
; Shift Register Replacement - Allow Asynchronous Clear Signal                    ; On                 ; On                   ;
; Pre-Mapping Resynthesis Optimization                                            ; Off                ; Off                  ;
; Analysis & Synthesis Message Level                                              ; Medium             ; Medium               ;
; Disable Register Merging Across Hierarchies                                     ; Auto               ; Auto                 ;
; Resource Aware Inference For Block RAM                                          ; On                 ; On                   ;
; Automatic Parallel Synthesis                                                    ; On                 ; On                   ;
; Partial Reconfiguration Bitstream ID                                            ; Off                ; Off                  ;
+---------------------------------------------------------------------------------+--------------------+----------------------+


+------------------------------------------+
; Parallel Compilation                     ;
+----------------------------+-------------+
; Processors                 ; Number      ;
+----------------------------+-------------+
; Number detected on machine ; 16          ;
; Maximum allowed            ; 16          ;
;                            ;             ;
; Average used               ; 1.00        ;
; Maximum used               ; 16          ;
;                            ;             ;
; Usage by Processor         ; % Time Used ;
;     Processor 1            ; 100.0%      ;
;     Processor 2            ;   0.0%      ;
;     Processor 3            ;   0.0%      ;
;     Processor 4            ;   0.0%      ;
;     Processor 5            ;   0.0%      ;
;     Processor 6            ;   0.0%      ;
;     Processor 7            ;   0.0%      ;
;     Processor 8            ;   0.0%      ;
;     Processors 9-16        ;   0.0%      ;
+----------------------------+-------------+


+------------------------------------------------------------------------------------------------------------------------------------------------------------------------------------------------+
; Analysis & Synthesis Source Files Read                                                                                                                                                         ;
+----------------------------------+-----------------+------------------------------+--------------------------------------------------------------------------------------------------+---------+
; File Name with User-Entered Path ; Used in Netlist ; File Type                    ; File Name with Absolute Path                                                                     ; Library ;
+----------------------------------+-----------------+------------------------------+--------------------------------------------------------------------------------------------------+---------+
; divfreq.sv                       ; yes             ; User SystemVerilog HDL File  ; C:/Users/Vinicius Duarte/Documents/repositorios/fechadura-quartus-psd/divfreq.sv                 ;         ;
; segment7.sv                      ; yes             ; User SystemVerilog HDL File  ; C:/Users/Vinicius Duarte/Documents/repositorios/fechadura-quartus-psd/segment7.sv                ;         ;
; debounce.sv                      ; yes             ; User SystemVerilog HDL File  ; C:/Users/Vinicius Duarte/Documents/repositorios/fechadura-quartus-psd/debounce.sv                ;         ;
; projeto_types.sv                 ; yes             ; User SystemVerilog HDL File  ; C:/Users/Vinicius Duarte/Documents/repositorios/fechadura-quartus-psd/projeto_types.sv           ;         ;
; decodificador_teclado.sv         ; yes             ; User SystemVerilog HDL File  ; C:/Users/Vinicius Duarte/Documents/repositorios/fechadura-quartus-psd/decodificador_teclado.sv   ;         ;
; setup.sv                         ; yes             ; User SystemVerilog HDL File  ; C:/Users/Vinicius Duarte/Documents/repositorios/fechadura-quartus-psd/setup.sv                   ;         ;
; operacional.sv                   ; yes             ; User SystemVerilog HDL File  ; C:/Users/Vinicius Duarte/Documents/repositorios/fechadura-quartus-psd/operacional.sv             ;         ;
; DE1_SOC_golden_top.sv            ; yes             ; User SystemVerilog HDL File  ; C:/Users/Vinicius Duarte/Documents/repositorios/fechadura-quartus-psd/DE1_SOC_golden_top.sv      ;         ;
; lpm_divide.tdf                   ; yes             ; Megafunction                 ; c:/altera_lite/25.1std/quartus/libraries/megafunctions/lpm_divide.tdf                            ;         ;
; abs_divider.inc                  ; yes             ; Megafunction                 ; c:/altera_lite/25.1std/quartus/libraries/megafunctions/abs_divider.inc                           ;         ;
; sign_div_unsign.inc              ; yes             ; Megafunction                 ; c:/altera_lite/25.1std/quartus/libraries/megafunctions/sign_div_unsign.inc                       ;         ;
; aglobal251.inc                   ; yes             ; Megafunction                 ; c:/altera_lite/25.1std/quartus/libraries/megafunctions/aglobal251.inc                            ;         ;
; db/lpm_divide_42m.tdf            ; yes             ; Auto-Generated Megafunction  ; C:/Users/Vinicius Duarte/Documents/repositorios/fechadura-quartus-psd/db/lpm_divide_42m.tdf      ;         ;
; db/sign_div_unsign_7kh.tdf       ; yes             ; Auto-Generated Megafunction  ; C:/Users/Vinicius Duarte/Documents/repositorios/fechadura-quartus-psd/db/sign_div_unsign_7kh.tdf ;         ;
; db/alt_u_div_kse.tdf             ; yes             ; Auto-Generated Megafunction  ; C:/Users/Vinicius Duarte/Documents/repositorios/fechadura-quartus-psd/db/alt_u_div_kse.tdf       ;         ;
; db/lpm_divide_1am.tdf            ; yes             ; Auto-Generated Megafunction  ; C:/Users/Vinicius Duarte/Documents/repositorios/fechadura-quartus-psd/db/lpm_divide_1am.tdf      ;         ;
+----------------------------------+-----------------+------------------------------+--------------------------------------------------------------------------------------------------+---------+


+--------------------------------------------------------------------+
; Analysis & Synthesis Resource Usage Summary                        ;
+---------------------------------------------+----------------------+
; Resource                                    ; Usage                ;
+---------------------------------------------+----------------------+
; Estimate of Logic utilization (ALMs needed) ; 2316                 ;
;                                             ;                      ;
; Combinational ALUT usage for logic          ; 3191                 ;
;     -- 7 input functions                    ; 5                    ;
;     -- 6 input functions                    ; 1396                 ;
;     -- 5 input functions                    ; 157                  ;
;     -- 4 input functions                    ; 317                  ;
;     -- <=3 input functions                  ; 1316                 ;
;                                             ;                      ;
; Dedicated logic registers                   ; 949                  ;
;                                             ;                      ;
; I/O pins                                    ; 241                  ;
;                                             ;                      ;
; Total DSP Blocks                            ; 3                    ;
;                                             ;                      ;
; Maximum fan-out node                        ; divfreq:my_div|clk_i ;
; Maximum fan-out                             ; 917                  ;
; Total fan-out                               ; 17049                ;
; Average fan-out                             ; 3.61                 ;
+---------------------------------------------+----------------------+


+-----------------------------------------------------------------------------------------------------------------------------------------------------------------------------------------------------------------------------------------------------------------------------------------------------------------------------------+
; Analysis & Synthesis Resource Utilization by Entity                                                                                                                                                                                                                                                                               ;
+-------------------------------------------+---------------------+---------------------------+-------------------+------------+------+--------------+------------------------------------------------------------------------------------------------------------------------------------+--------------------------+--------------+
; Compilation Hierarchy Node                ; Combinational ALUTs ; Dedicated Logic Registers ; Block Memory Bits ; DSP Blocks ; Pins ; Virtual Pins ; Full Hierarchy Name                                                                                                                ; Entity Name              ; Library Name ;
+-------------------------------------------+---------------------+---------------------------+-------------------+------------+------+--------------+------------------------------------------------------------------------------------------------------------------------------------+--------------------------+--------------+
; |DE1_SOC_golden_top                       ; 3191 (12)           ; 949 (0)                   ; 0                 ; 3          ; 241  ; 0            ; |DE1_SOC_golden_top                                                                                                                ; DE1_SOC_golden_top       ; work         ;
;    |debounce:my_sw1|                      ; 40 (40)             ; 33 (33)                   ; 0                 ; 0          ; 0    ; 0            ; |DE1_SOC_golden_top|debounce:my_sw1                                                                                                ; debounce                 ; work         ;
;    |debounce:my_sw2|                      ; 40 (40)             ; 33 (33)                   ; 0                 ; 0          ; 0    ; 0            ; |DE1_SOC_golden_top|debounce:my_sw2                                                                                                ; debounce                 ; work         ;
;    |debounce:my_sw3|                      ; 40 (40)             ; 33 (33)                   ; 0                 ; 0          ; 0    ; 0            ; |DE1_SOC_golden_top|debounce:my_sw3                                                                                                ; debounce                 ; work         ;
;    |debounce:my_sw4|                      ; 40 (40)             ; 33 (33)                   ; 0                 ; 0          ; 0    ; 0            ; |DE1_SOC_golden_top|debounce:my_sw4                                                                                                ; debounce                 ; work         ;
;    |decodificador_de_teclado:my_teclado|  ; 138 (138)           ; 152 (152)                 ; 0                 ; 0          ; 0    ; 0            ; |DE1_SOC_golden_top|decodificador_de_teclado:my_teclado                                                                            ; decodificador_de_teclado ; work         ;
;    |divfreq:my_div|                       ; 41 (41)             ; 33 (33)                   ; 0                 ; 0          ; 0    ; 0            ; |DE1_SOC_golden_top|divfreq:my_div                                                                                                 ; divfreq                  ; work         ;
;    |operacional:my_operacional|           ; 2705 (2705)         ; 362 (362)                 ; 0                 ; 3          ; 0    ; 0            ; |DE1_SOC_golden_top|operacional:my_operacional                                                                                     ; operacional              ; work         ;
;    |segment7:CONV_0|                      ; 6 (6)               ; 0 (0)                     ; 0                 ; 0          ; 0    ; 0            ; |DE1_SOC_golden_top|segment7:CONV_0                                                                                                ; segment7                 ; work         ;
;    |segment7:CONV_1|                      ; 5 (5)               ; 0 (0)                     ; 0                 ; 0          ; 0    ; 0            ; |DE1_SOC_golden_top|segment7:CONV_1                                                                                                ; segment7                 ; work         ;
;    |segment7:CONV_2|                      ; 5 (5)               ; 0 (0)                     ; 0                 ; 0          ; 0    ; 0            ; |DE1_SOC_golden_top|segment7:CONV_2                                                                                                ; segment7                 ; work         ;
;    |segment7:CONV_3|                      ; 5 (5)               ; 0 (0)                     ; 0                 ; 0          ; 0    ; 0            ; |DE1_SOC_golden_top|segment7:CONV_3                                                                                                ; segment7                 ; work         ;
;    |segment7:CONV_4|                      ; 7 (7)               ; 0 (0)                     ; 0                 ; 0          ; 0    ; 0            ; |DE1_SOC_golden_top|segment7:CONV_4                                                                                                ; segment7                 ; work         ;
;    |segment7:CONV_5|                      ; 7 (7)               ; 0 (0)                     ; 0                 ; 0          ; 0    ; 0            ; |DE1_SOC_golden_top|segment7:CONV_5                                                                                                ; segment7                 ; work         ;
;    |setup:my_setup|                       ; 100 (90)            ; 270 (270)                 ; 0                 ; 0          ; 0    ; 0            ; |DE1_SOC_golden_top|setup:my_setup                                                                                                 ; setup                    ; work         ;
;       |lpm_divide:Div0|                   ; 5 (0)               ; 0 (0)                     ; 0                 ; 0          ; 0    ; 0            ; |DE1_SOC_golden_top|setup:my_setup|lpm_divide:Div0                                                                                 ; lpm_divide               ; work         ;
;          |lpm_divide_1am:auto_generated|  ; 5 (0)               ; 0 (0)                     ; 0                 ; 0          ; 0    ; 0            ; |DE1_SOC_golden_top|setup:my_setup|lpm_divide:Div0|lpm_divide_1am:auto_generated                                                   ; lpm_divide_1am           ; work         ;
;             |sign_div_unsign_7kh:divider| ; 5 (0)               ; 0 (0)                     ; 0                 ; 0          ; 0    ; 0            ; |DE1_SOC_golden_top|setup:my_setup|lpm_divide:Div0|lpm_divide_1am:auto_generated|sign_div_unsign_7kh:divider                       ; sign_div_unsign_7kh      ; work         ;
;                |alt_u_div_kse:divider|    ; 5 (5)               ; 0 (0)                     ; 0                 ; 0          ; 0    ; 0            ; |DE1_SOC_golden_top|setup:my_setup|lpm_divide:Div0|lpm_divide_1am:auto_generated|sign_div_unsign_7kh:divider|alt_u_div_kse:divider ; alt_u_div_kse            ; work         ;
;       |lpm_divide:Mod0|                   ; 5 (0)               ; 0 (0)                     ; 0                 ; 0          ; 0    ; 0            ; |DE1_SOC_golden_top|setup:my_setup|lpm_divide:Mod0                                                                                 ; lpm_divide               ; work         ;
;          |lpm_divide_42m:auto_generated|  ; 5 (0)               ; 0 (0)                     ; 0                 ; 0          ; 0    ; 0            ; |DE1_SOC_golden_top|setup:my_setup|lpm_divide:Mod0|lpm_divide_42m:auto_generated                                                   ; lpm_divide_42m           ; work         ;
;             |sign_div_unsign_7kh:divider| ; 5 (0)               ; 0 (0)                     ; 0                 ; 0          ; 0    ; 0            ; |DE1_SOC_golden_top|setup:my_setup|lpm_divide:Mod0|lpm_divide_42m:auto_generated|sign_div_unsign_7kh:divider                       ; sign_div_unsign_7kh      ; work         ;
;                |alt_u_div_kse:divider|    ; 5 (5)               ; 0 (0)                     ; 0                 ; 0          ; 0    ; 0            ; |DE1_SOC_golden_top|setup:my_setup|lpm_divide:Mod0|lpm_divide_42m:auto_generated|sign_div_unsign_7kh:divider|alt_u_div_kse:divider ; alt_u_div_kse            ; work         ;
+-------------------------------------------+---------------------+---------------------------+-------------------+------------+------+--------------+------------------------------------------------------------------------------------------------------------------------------------+--------------------------+--------------+
Note: For table entries with two numbers listed, the numbers in parentheses indicate the number of resources of the given type used by the specific entity alone. The numbers listed outside of parentheses indicate the total resources of the given type used by the specific entity and all of its sub-entities in the hierarchy.


+-----------------------------------------------+
; Analysis & Synthesis DSP Block Usage Summary  ;
+---------------------------------+-------------+
; Statistic                       ; Number Used ;
+---------------------------------+-------------+
; Two Independent 18x18           ; 3           ;
; Total number of DSP blocks      ; 3           ;
;                                 ;             ;
; Fixed Point Unsigned Multiplier ; 3           ;
+---------------------------------+-------------+


Encoding Type:  One-Hot
+----------------------------------------------------------------------------------------------------------------------------------------------------------------------------------------------------------------------------------------------------------------------------------------------------------------------------------------------------------------------------------------+
; State Machine - |DE1_SOC_golden_top|operacional:my_operacional|state                                                                                                                                                                                                                                                                                                                   ;
+------------------------------+-----------------+-----------------------+----------------------+---------------------------+-----------------------------+--------------------+------------------------+-----------------------------+------------------------------+---------------------------+----------------------+------------------------+-----------------------+---------------+
; Name                         ; state.ST_ALARME ; state.ST_NAO_PERTURBE ; state.ST_MODO_CONFIG ; state.ST_AUTENTICA_CONFIG ; state.ST_TENTATIVA_LIBERADA ; state.ST_BLOQUEADO ; state.ST_ACESSO_NEGADO ; state.ST_ABERTA_DESTRANCADA ; state.ST_FECHADA_DESTRANCADA ; state.ST_FECHADA_TRANCADA ; state.ST_RESET_TOTAL ; state.ST_RESET_PARCIAL ; state.ST_AVALIA_RESET ; state.ST_INIT ;
+------------------------------+-----------------+-----------------------+----------------------+---------------------------+-----------------------------+--------------------+------------------------+-----------------------------+------------------------------+---------------------------+----------------------+------------------------+-----------------------+---------------+
; state.ST_INIT                ; 0               ; 0                     ; 0                    ; 0                         ; 0                           ; 0                  ; 0                      ; 0                           ; 0                            ; 0                         ; 0                    ; 0                      ; 0                     ; 0             ;
; state.ST_AVALIA_RESET        ; 0               ; 0                     ; 0                    ; 0                         ; 0                           ; 0                  ; 0                      ; 0                           ; 0                            ; 0                         ; 0                    ; 0                      ; 1                     ; 1             ;
; state.ST_RESET_PARCIAL       ; 0               ; 0                     ; 0                    ; 0                         ; 0                           ; 0                  ; 0                      ; 0                           ; 0                            ; 0                         ; 0                    ; 1                      ; 0                     ; 1             ;
; state.ST_RESET_TOTAL         ; 0               ; 0                     ; 0                    ; 0                         ; 0                           ; 0                  ; 0                      ; 0                           ; 0                            ; 0                         ; 1                    ; 0                      ; 0                     ; 1             ;
; state.ST_FECHADA_TRANCADA    ; 0               ; 0                     ; 0                    ; 0                         ; 0                           ; 0                  ; 0                      ; 0                           ; 0                            ; 1                         ; 0                    ; 0                      ; 0                     ; 1             ;
; state.ST_FECHADA_DESTRANCADA ; 0               ; 0                     ; 0                    ; 0                         ; 0                           ; 0                  ; 0                      ; 0                           ; 1                            ; 0                         ; 0                    ; 0                      ; 0                     ; 1             ;
; state.ST_ABERTA_DESTRANCADA  ; 0               ; 0                     ; 0                    ; 0                         ; 0                           ; 0                  ; 0                      ; 1                           ; 0                            ; 0                         ; 0                    ; 0                      ; 0                     ; 1             ;
; state.ST_ACESSO_NEGADO       ; 0               ; 0                     ; 0                    ; 0                         ; 0                           ; 0                  ; 1                      ; 0                           ; 0                            ; 0                         ; 0                    ; 0                      ; 0                     ; 1             ;
; state.ST_BLOQUEADO           ; 0               ; 0                     ; 0                    ; 0                         ; 0                           ; 1                  ; 0                      ; 0                           ; 0                            ; 0                         ; 0                    ; 0                      ; 0                     ; 1             ;
; state.ST_TENTATIVA_LIBERADA  ; 0               ; 0                     ; 0                    ; 0                         ; 1                           ; 0                  ; 0                      ; 0                           ; 0                            ; 0                         ; 0                    ; 0                      ; 0                     ; 1             ;
; state.ST_AUTENTICA_CONFIG    ; 0               ; 0                     ; 0                    ; 1                         ; 0                           ; 0                  ; 0                      ; 0                           ; 0                            ; 0                         ; 0                    ; 0                      ; 0                     ; 1             ;
; state.ST_MODO_CONFIG         ; 0               ; 0                     ; 1                    ; 0                         ; 0                           ; 0                  ; 0                      ; 0                           ; 0                            ; 0                         ; 0                    ; 0                      ; 0                     ; 1             ;
; state.ST_NAO_PERTURBE        ; 0               ; 1                     ; 0                    ; 0                         ; 0                           ; 0                  ; 0                      ; 0                           ; 0                            ; 0                         ; 0                    ; 0                      ; 0                     ; 1             ;
; state.ST_ALARME              ; 1               ; 0                     ; 0                    ; 0                         ; 0                           ; 0                  ; 0                      ; 0                           ; 0                            ; 0                         ; 0                    ; 0                      ; 0                     ; 1             ;
+------------------------------+-----------------+-----------------------+----------------------+---------------------------+-----------------------------+--------------------+------------------------+-----------------------------+------------------------------+---------------------------+----------------------+------------------------+-----------------------+---------------+


Encoding Type:  One-Hot
+-------------------------------------------------------------------------------------------------------------------------------------------------------------------------------------------------------------------------------------------------------------------------------------------------------------------------------------------------------------------------------------------------------------------------------------------------------------------------------------------------+
; State Machine - |DE1_SOC_golden_top|operacional:my_operacional|state_return                                                                                                                                                                                                                                                                                                                                                                                                                     ;
+-------------------------------------+------------------------+------------------------------+-----------------------------+----------------------------------+------------------------------------+---------------------------+-------------------------------+------------------------------------+-------------------------------------+----------------------------------+-----------------------------+-------------------------------+------------------------------+----------------------+
; Name                                ; state_return.ST_ALARME ; state_return.ST_NAO_PERTURBE ; state_return.ST_MODO_CONFIG ; state_return.ST_AUTENTICA_CONFIG ; state_return.ST_TENTATIVA_LIBERADA ; state_return.ST_BLOQUEADO ; state_return.ST_ACESSO_NEGADO ; state_return.ST_ABERTA_DESTRANCADA ; state_return.ST_FECHADA_DESTRANCADA ; state_return.ST_FECHADA_TRANCADA ; state_return.ST_RESET_TOTAL ; state_return.ST_RESET_PARCIAL ; state_return.ST_AVALIA_RESET ; state_return.ST_INIT ;
+-------------------------------------+------------------------+------------------------------+-----------------------------+----------------------------------+------------------------------------+---------------------------+-------------------------------+------------------------------------+-------------------------------------+----------------------------------+-----------------------------+-------------------------------+------------------------------+----------------------+
; state_return.ST_INIT                ; 0                      ; 0                            ; 0                           ; 0                                ; 0                                  ; 0                         ; 0                             ; 0                                  ; 0                                   ; 0                                ; 0                           ; 0                             ; 0                            ; 0                    ;
; state_return.ST_AVALIA_RESET        ; 0                      ; 0                            ; 0                           ; 0                                ; 0                                  ; 0                         ; 0                             ; 0                                  ; 0                                   ; 0                                ; 0                           ; 0                             ; 1                            ; 1                    ;
; state_return.ST_RESET_PARCIAL       ; 0                      ; 0                            ; 0                           ; 0                                ; 0                                  ; 0                         ; 0                             ; 0                                  ; 0                                   ; 0                                ; 0                           ; 1                             ; 0                            ; 1                    ;
; state_return.ST_RESET_TOTAL         ; 0                      ; 0                            ; 0                           ; 0                                ; 0                                  ; 0                         ; 0                             ; 0                                  ; 0                                   ; 0                                ; 1                           ; 0                             ; 0                            ; 1                    ;
; state_return.ST_FECHADA_TRANCADA    ; 0                      ; 0                            ; 0                           ; 0                                ; 0                                  ; 0                         ; 0                             ; 0                                  ; 0                                   ; 1                                ; 0                           ; 0                             ; 0                            ; 1                    ;
; state_return.ST_FECHADA_DESTRANCADA ; 0                      ; 0                            ; 0                           ; 0                                ; 0                                  ; 0                         ; 0                             ; 0                                  ; 1                                   ; 0                                ; 0                           ; 0                             ; 0                            ; 1                    ;
; state_return.ST_ABERTA_DESTRANCADA  ; 0                      ; 0                            ; 0                           ; 0                                ; 0                                  ; 0                         ; 0                             ; 1                                  ; 0                                   ; 0                                ; 0                           ; 0                             ; 0                            ; 1                    ;
; state_return.ST_ACESSO_NEGADO       ; 0                      ; 0                            ; 0                           ; 0                                ; 0                                  ; 0                         ; 1                             ; 0                                  ; 0                                   ; 0                                ; 0                           ; 0                             ; 0                            ; 1                    ;
; state_return.ST_BLOQUEADO           ; 0                      ; 0                            ; 0                           ; 0                                ; 0                                  ; 1                         ; 0                             ; 0                                  ; 0                                   ; 0                                ; 0                           ; 0                             ; 0                            ; 1                    ;
; state_return.ST_TENTATIVA_LIBERADA  ; 0                      ; 0                            ; 0                           ; 0                                ; 1                                  ; 0                         ; 0                             ; 0                                  ; 0                                   ; 0                                ; 0                           ; 0                             ; 0                            ; 1                    ;
; state_return.ST_AUTENTICA_CONFIG    ; 0                      ; 0                            ; 0                           ; 1                                ; 0                                  ; 0                         ; 0                             ; 0                                  ; 0                                   ; 0                                ; 0                           ; 0                             ; 0                            ; 1                    ;
; state_return.ST_MODO_CONFIG         ; 0                      ; 0                            ; 1                           ; 0                                ; 0                                  ; 0                         ; 0                             ; 0                                  ; 0                                   ; 0                                ; 0                           ; 0                             ; 0                            ; 1                    ;
; state_return.ST_NAO_PERTURBE        ; 0                      ; 1                            ; 0                           ; 0                                ; 0                                  ; 0                         ; 0                             ; 0                                  ; 0                                   ; 0                                ; 0                           ; 0                             ; 0                            ; 1                    ;
; state_return.ST_ALARME              ; 1                      ; 0                            ; 0                           ; 0                                ; 0                                  ; 0                         ; 0                             ; 0                                  ; 0                                   ; 0                                ; 0                           ; 0                             ; 0                            ; 1                    ;
+-------------------------------------+------------------------+------------------------------+-----------------------------+----------------------------------+------------------------------------+---------------------------+-------------------------------+------------------------------------+-------------------------------------+----------------------------------+-----------------------------+-------------------------------+------------------------------+----------------------+


Encoding Type:  One-Hot
+--------------------------------------------------------------------------------------------------------------------------------------------------------------------------------+
; State Machine - |DE1_SOC_golden_top|decodificador_de_teclado:my_teclado|state                                                                                                  ;
+------------------------+----------------+------------------------+----------------------+---------------+------------------+-------------------+---------------+---------------+
; Name                   ; state.ST_CLEAR ; state.ST_TIMEOUT_PULSE ; state.ST_VALID_PULSE ; state.ST_HOLD ; state.ST_PROCESS ; state.ST_DEBOUNCE ; state.ST_SCAN ; state.ST_INIT ;
+------------------------+----------------+------------------------+----------------------+---------------+------------------+-------------------+---------------+---------------+
; state.ST_INIT          ; 0              ; 0                      ; 0                    ; 0             ; 0                ; 0                 ; 0             ; 0             ;
; state.ST_SCAN          ; 0              ; 0                      ; 0                    ; 0             ; 0                ; 0                 ; 1             ; 1             ;
; state.ST_DEBOUNCE      ; 0              ; 0                      ; 0                    ; 0             ; 0                ; 1                 ; 0             ; 1             ;
; state.ST_PROCESS       ; 0              ; 0                      ; 0                    ; 0             ; 1                ; 0                 ; 0             ; 1             ;
; state.ST_HOLD          ; 0              ; 0                      ; 0                    ; 1             ; 0                ; 0                 ; 0             ; 1             ;
; state.ST_VALID_PULSE   ; 0              ; 0                      ; 1                    ; 0             ; 0                ; 0                 ; 0             ; 1             ;
; state.ST_TIMEOUT_PULSE ; 0              ; 1                      ; 0                    ; 0             ; 0                ; 0                 ; 0             ; 1             ;
; state.ST_CLEAR         ; 1              ; 0                      ; 0                    ; 0             ; 0                ; 0                 ; 0             ; 1             ;
+------------------------+----------------+------------------------+----------------------+---------------+------------------+-------------------+---------------+---------------+


Encoding Type:  One-Hot
+-----------------------------------------------------------------------------------------------------------------------------------------------------------------------------------------------------------------------------------------------------------------------------------------------------------------------+
; State Machine - |DE1_SOC_golden_top|setup:my_setup|state                                                                                                                                                                                                                                                              ;
+-------------------------+-----------------+-----------------------+-------------------------+-------------------------+-------------------------+-------------------------+-------------------------+-------------------------+------------------------+----------------------+-----------------------+---------------+
; Name                    ; state.ST_COMMIT ; state.ST_MENU_EXIT_09 ; state.ST_MENU_PASS_4_08 ; state.ST_MENU_PASS_3_07 ; state.ST_MENU_PASS_2_06 ; state.ST_MENU_PASS_1_05 ; state.ST_MENU_PASS_M_04 ; state.ST_MENU_T_LOCK_03 ; state.ST_MENU_T_BIP_02 ; state.ST_MENU_BIP_01 ; state.ST_QUAL_MENU_00 ; state.ST_IDLE ;
+-------------------------+-----------------+-----------------------+-------------------------+-------------------------+-------------------------+-------------------------+-------------------------+-------------------------+------------------------+----------------------+-----------------------+---------------+
; state.ST_IDLE           ; 0               ; 0                     ; 0                       ; 0                       ; 0                       ; 0                       ; 0                       ; 0                       ; 0                      ; 0                    ; 0                     ; 0             ;
; state.ST_QUAL_MENU_00   ; 0               ; 0                     ; 0                       ; 0                       ; 0                       ; 0                       ; 0                       ; 0                       ; 0                      ; 0                    ; 1                     ; 1             ;
; state.ST_MENU_BIP_01    ; 0               ; 0                     ; 0                       ; 0                       ; 0                       ; 0                       ; 0                       ; 0                       ; 0                      ; 1                    ; 0                     ; 1             ;
; state.ST_MENU_T_BIP_02  ; 0               ; 0                     ; 0                       ; 0                       ; 0                       ; 0                       ; 0                       ; 0                       ; 1                      ; 0                    ; 0                     ; 1             ;
; state.ST_MENU_T_LOCK_03 ; 0               ; 0                     ; 0                       ; 0                       ; 0                       ; 0                       ; 0                       ; 1                       ; 0                      ; 0                    ; 0                     ; 1             ;
; state.ST_MENU_PASS_M_04 ; 0               ; 0                     ; 0                       ; 0                       ; 0                       ; 0                       ; 1                       ; 0                       ; 0                      ; 0                    ; 0                     ; 1             ;
; state.ST_MENU_PASS_1_05 ; 0               ; 0                     ; 0                       ; 0                       ; 0                       ; 1                       ; 0                       ; 0                       ; 0                      ; 0                    ; 0                     ; 1             ;
; state.ST_MENU_PASS_2_06 ; 0               ; 0                     ; 0                       ; 0                       ; 1                       ; 0                       ; 0                       ; 0                       ; 0                      ; 0                    ; 0                     ; 1             ;
; state.ST_MENU_PASS_3_07 ; 0               ; 0                     ; 0                       ; 1                       ; 0                       ; 0                       ; 0                       ; 0                       ; 0                      ; 0                    ; 0                     ; 1             ;
; state.ST_MENU_PASS_4_08 ; 0               ; 0                     ; 1                       ; 0                       ; 0                       ; 0                       ; 0                       ; 0                       ; 0                      ; 0                    ; 0                     ; 1             ;
; state.ST_MENU_EXIT_09   ; 0               ; 1                     ; 0                       ; 0                       ; 0                       ; 0                       ; 0                       ; 0                       ; 0                      ; 0                    ; 0                     ; 1             ;
; state.ST_COMMIT         ; 1               ; 0                     ; 0                       ; 0                       ; 0                       ; 0                       ; 0                       ; 0                       ; 0                      ; 0                    ; 0                     ; 1             ;
+-------------------------+-----------------+-----------------------+-------------------------+-------------------------+-------------------------+-------------------------+-------------------------+-------------------------+------------------------+----------------------+-----------------------+---------------+


+---------------------------------------------------------------------------------------------------------------------------+
; Registers Removed During Synthesis                                                                                        ;
+---------------------------------------------------------+-----------------------------------------------------------------+
; Register name                                           ; Reason for Removal                                              ;
+---------------------------------------------------------+-----------------------------------------------------------------+
; operacional:my_operacional|sistema_inicializado         ; Stuck at VCC due to stuck port data_in                          ;
; operacional:my_operacional|bcd_pac.BCD0[3]              ; Merged with operacional:my_operacional|bcd_pac.BCD0[1]          ;
; operacional:my_operacional|bcd_pac.BCD1[1,3]            ; Merged with operacional:my_operacional|bcd_pac.BCD0[1]          ;
; operacional:my_operacional|bcd_pac.BCD2[1,3]            ; Merged with operacional:my_operacional|bcd_pac.BCD0[1]          ;
; operacional:my_operacional|bcd_pac.BCD3[1,3]            ; Merged with operacional:my_operacional|bcd_pac.BCD0[1]          ;
; operacional:my_operacional|bcd_pac.BCD4[1,3]            ; Merged with operacional:my_operacional|bcd_pac.BCD0[1]          ;
; operacional:my_operacional|bcd_pac.BCD5[1,3]            ; Merged with operacional:my_operacional|bcd_pac.BCD0[1]          ;
; operacional:my_operacional|bcd_pac.BCD0[2]              ; Merged with operacional:my_operacional|bcd_pac.BCD0[0]          ;
; operacional:my_operacional|bcd_pac.BCD2[2]              ; Merged with operacional:my_operacional|bcd_pac.BCD2[0]          ;
; decodificador_de_teclado:my_teclado|hold_target[1,2,11] ; Merged with decodificador_de_teclado:my_teclado|hold_target[0]  ;
; decodificador_de_teclado:my_teclado|hold_target[4]      ; Merged with decodificador_de_teclado:my_teclado|hold_target[10] ;
; decodificador_de_teclado:my_teclado|hold_target[7..9]   ; Merged with decodificador_de_teclado:my_teclado|hold_target[6]  ;
; decodificador_de_teclado:my_teclado|hold_target[5]      ; Merged with decodificador_de_teclado:my_teclado|hold_target[3]  ;
; operacional:my_operacional|bcd_pac.BCD1[2]              ; Merged with operacional:my_operacional|bcd_pac.BCD1[0]          ;
; operacional:my_operacional|bcd_pac.BCD3[2]              ; Merged with operacional:my_operacional|bcd_pac.BCD3[0]          ;
; operacional:my_operacional|bcd_pac.BCD4[2]              ; Merged with operacional:my_operacional|bcd_pac.BCD4[0]          ;
; operacional:my_operacional|bcd_pac.BCD5[0,2]            ; Merged with operacional:my_operacional|bcd_pac.BCD4[0]          ;
; decodificador_de_teclado:my_teclado|hold_target[0]      ; Stuck at GND due to stuck port data_in                          ;
; operacional:my_operacional|state~2                      ; Lost fanout                                                     ;
; operacional:my_operacional|state~3                      ; Lost fanout                                                     ;
; operacional:my_operacional|state~4                      ; Lost fanout                                                     ;
; operacional:my_operacional|state~5                      ; Lost fanout                                                     ;
; operacional:my_operacional|state_return~30              ; Lost fanout                                                     ;
; operacional:my_operacional|state_return~31              ; Lost fanout                                                     ;
; operacional:my_operacional|state_return~32              ; Lost fanout                                                     ;
; operacional:my_operacional|state_return~33              ; Lost fanout                                                     ;
; decodificador_de_teclado:my_teclado|state~12            ; Lost fanout                                                     ;
; decodificador_de_teclado:my_teclado|state~13            ; Lost fanout                                                     ;
; decodificador_de_teclado:my_teclado|state~14            ; Lost fanout                                                     ;
; decodificador_de_teclado:my_teclado|state~15            ; Lost fanout                                                     ;
; setup:my_setup|state~16                                 ; Lost fanout                                                     ;
; setup:my_setup|state~17                                 ; Lost fanout                                                     ;
; setup:my_setup|state~18                                 ; Lost fanout                                                     ;
; setup:my_setup|state~19                                 ; Lost fanout                                                     ;
; decodificador_de_teclado:my_teclado|state.ST_CLEAR      ; Merged with decodificador_de_teclado:my_teclado|digitos_valid   ;
; Total Number of Removed Registers = 45                  ;                                                                 ;
+---------------------------------------------------------+-----------------------------------------------------------------+


+------------------------------------------------------+
; General Register Statistics                          ;
+----------------------------------------------+-------+
; Statistic                                    ; Value ;
+----------------------------------------------+-------+
; Total registers                              ; 949   ;
; Number of registers using Synchronous Clear  ; 289   ;
; Number of registers using Synchronous Load   ; 17    ;
; Number of registers using Asynchronous Clear ; 587   ;
; Number of registers using Asynchronous Load  ; 0     ;
; Number of registers using Clock Enable       ; 754   ;
; Number of registers using Preset             ; 0     ;
+----------------------------------------------+-------+


+---------------------------------------------------------------------------+
; Inverted Register Statistics                                              ;
+-----------------------------------------------------------------+---------+
; Inverted Register                                               ; Fan out ;
+-----------------------------------------------------------------+---------+
; decodificador_de_teclado:my_teclado|digitos_value.digits[0][1]  ; 21      ;
; decodificador_de_teclado:my_teclado|digitos_value.digits[0][3]  ; 23      ;
; decodificador_de_teclado:my_teclado|digitos_value.digits[13][3] ; 61      ;
; decodificador_de_teclado:my_teclado|digitos_value.digits[13][1] ; 61      ;
; decodificador_de_teclado:my_teclado|digitos_value.digits[15][3] ; 61      ;
; decodificador_de_teclado:my_teclado|digitos_value.digits[15][1] ; 61      ;
; decodificador_de_teclado:my_teclado|digitos_value.digits[11][3] ; 66      ;
; decodificador_de_teclado:my_teclado|digitos_value.digits[11][1] ; 66      ;
; decodificador_de_teclado:my_teclado|digitos_value.digits[18][3] ; 51      ;
; decodificador_de_teclado:my_teclado|digitos_value.digits[18][1] ; 51      ;
; decodificador_de_teclado:my_teclado|digitos_value.digits[19][3] ; 45      ;
; decodificador_de_teclado:my_teclado|digitos_value.digits[19][1] ; 45      ;
; decodificador_de_teclado:my_teclado|digitos_value.digits[16][3] ; 61      ;
; decodificador_de_teclado:my_teclado|digitos_value.digits[16][1] ; 61      ;
; decodificador_de_teclado:my_teclado|digitos_value.digits[17][3] ; 56      ;
; decodificador_de_teclado:my_teclado|digitos_value.digits[17][1] ; 56      ;
; decodificador_de_teclado:my_teclado|digitos_value.digits[12][3] ; 61      ;
; decodificador_de_teclado:my_teclado|digitos_value.digits[12][1] ; 61      ;
; decodificador_de_teclado:my_teclado|digitos_value.digits[14][3] ; 61      ;
; decodificador_de_teclado:my_teclado|digitos_value.digits[14][1] ; 61      ;
; decodificador_de_teclado:my_teclado|digitos_value.digits[5][3]  ; 36      ;
; decodificador_de_teclado:my_teclado|digitos_value.digits[5][1]  ; 36      ;
; decodificador_de_teclado:my_teclado|digitos_value.digits[10][3] ; 61      ;
; decodificador_de_teclado:my_teclado|digitos_value.digits[10][1] ; 61      ;
; decodificador_de_teclado:my_teclado|digitos_value.digits[6][3]  ; 41      ;
; decodificador_de_teclado:my_teclado|digitos_value.digits[6][1]  ; 41      ;
; decodificador_de_teclado:my_teclado|digitos_value.digits[8][3]  ; 51      ;
; decodificador_de_teclado:my_teclado|digitos_value.digits[8][1]  ; 51      ;
; decodificador_de_teclado:my_teclado|digitos_value.digits[7][3]  ; 46      ;
; decodificador_de_teclado:my_teclado|digitos_value.digits[7][1]  ; 46      ;
; decodificador_de_teclado:my_teclado|digitos_value.digits[9][3]  ; 56      ;
; decodificador_de_teclado:my_teclado|digitos_value.digits[9][1]  ; 56      ;
; decodificador_de_teclado:my_teclado|digitos_value.digits[4][3]  ; 31      ;
; decodificador_de_teclado:my_teclado|digitos_value.digits[4][1]  ; 31      ;
; decodificador_de_teclado:my_teclado|digitos_value.digits[3][3]  ; 27      ;
; decodificador_de_teclado:my_teclado|digitos_value.digits[3][1]  ; 27      ;
; decodificador_de_teclado:my_teclado|digitos_value.digits[2][3]  ; 21      ;
; decodificador_de_teclado:my_teclado|digitos_value.digits[2][1]  ; 21      ;
; decodificador_de_teclado:my_teclado|digitos_value.digits[1][3]  ; 20      ;
; decodificador_de_teclado:my_teclado|digitos_value.digits[1][1]  ; 19      ;
; decodificador_de_teclado:my_teclado|digitos_value.digits[0][0]  ; 24      ;
; decodificador_de_teclado:my_teclado|digitos_value.digits[0][2]  ; 21      ;
; decodificador_de_teclado:my_teclado|digitos_value.digits[13][2] ; 61      ;
; decodificador_de_teclado:my_teclado|digitos_value.digits[13][0] ; 61      ;
; decodificador_de_teclado:my_teclado|digitos_value.digits[15][2] ; 61      ;
; decodificador_de_teclado:my_teclado|digitos_value.digits[15][0] ; 61      ;
; decodificador_de_teclado:my_teclado|digitos_value.digits[11][2] ; 66      ;
; decodificador_de_teclado:my_teclado|digitos_value.digits[11][0] ; 66      ;
; decodificador_de_teclado:my_teclado|digitos_value.digits[18][0] ; 51      ;
; decodificador_de_teclado:my_teclado|digitos_value.digits[18][2] ; 51      ;
; decodificador_de_teclado:my_teclado|digitos_value.digits[19][0] ; 45      ;
; decodificador_de_teclado:my_teclado|digitos_value.digits[19][2] ; 45      ;
; decodificador_de_teclado:my_teclado|digitos_value.digits[16][0] ; 61      ;
; decodificador_de_teclado:my_teclado|digitos_value.digits[16][2] ; 61      ;
; decodificador_de_teclado:my_teclado|digitos_value.digits[17][0] ; 56      ;
; decodificador_de_teclado:my_teclado|digitos_value.digits[17][2] ; 56      ;
; decodificador_de_teclado:my_teclado|digitos_value.digits[12][0] ; 61      ;
; decodificador_de_teclado:my_teclado|digitos_value.digits[12][2] ; 61      ;
; decodificador_de_teclado:my_teclado|digitos_value.digits[14][0] ; 61      ;
; decodificador_de_teclado:my_teclado|digitos_value.digits[14][2] ; 61      ;
; decodificador_de_teclado:my_teclado|digitos_value.digits[5][0]  ; 36      ;
; decodificador_de_teclado:my_teclado|digitos_value.digits[5][2]  ; 36      ;
; decodificador_de_teclado:my_teclado|digitos_value.digits[10][0] ; 61      ;
; decodificador_de_teclado:my_teclado|digitos_value.digits[10][2] ; 61      ;
; decodificador_de_teclado:my_teclado|digitos_value.digits[6][0]  ; 41      ;
; decodificador_de_teclado:my_teclado|digitos_value.digits[6][2]  ; 41      ;
; decodificador_de_teclado:my_teclado|digitos_value.digits[8][0]  ; 51      ;
; decodificador_de_teclado:my_teclado|digitos_value.digits[8][2]  ; 51      ;
; decodificador_de_teclado:my_teclado|digitos_value.digits[7][0]  ; 46      ;
; decodificador_de_teclado:my_teclado|digitos_value.digits[7][2]  ; 46      ;
; decodificador_de_teclado:my_teclado|digitos_value.digits[9][0]  ; 56      ;
; decodificador_de_teclado:my_teclado|digitos_value.digits[9][2]  ; 56      ;
; decodificador_de_teclado:my_teclado|digitos_value.digits[4][0]  ; 31      ;
; decodificador_de_teclado:my_teclado|digitos_value.digits[4][2]  ; 31      ;
; decodificador_de_teclado:my_teclado|digitos_value.digits[3][0]  ; 27      ;
; decodificador_de_teclado:my_teclado|digitos_value.digits[3][2]  ; 27      ;
; decodificador_de_teclado:my_teclado|digitos_value.digits[2][0]  ; 21      ;
; decodificador_de_teclado:my_teclado|digitos_value.digits[2][2]  ; 21      ;
; decodificador_de_teclado:my_teclado|digitos_value.digits[1][0]  ; 19      ;
; decodificador_de_teclado:my_teclado|digitos_value.digits[1][2]  ; 20      ;
; decodificador_de_teclado:my_teclado|key_decoded[0]              ; 5       ;
; decodificador_de_teclado:my_teclado|key_decoded[2]              ; 7       ;
; decodificador_de_teclado:my_teclado|key_decoded[3]              ; 7       ;
; decodificador_de_teclado:my_teclado|key_decoded[1]              ; 7       ;
; decodificador_de_teclado:my_teclado|col_matriz_sync[3]          ; 3       ;
; decodificador_de_teclado:my_teclado|col_matriz_sync[2]          ; 3       ;
; decodificador_de_teclado:my_teclado|col_matriz_sync[1]          ; 3       ;
; decodificador_de_teclado:my_teclado|col_matriz_sync[0]          ; 3       ;
; decodificador_de_teclado:my_teclado|saved_col[2]                ; 10      ;
; decodificador_de_teclado:my_teclado|saved_col[3]                ; 7       ;
; decodificador_de_teclado:my_teclado|saved_col[0]                ; 5       ;
; decodificador_de_teclado:my_teclado|saved_col[1]                ; 10      ;
; setup:my_setup|draft_config.senha_4.digits[3][3]                ; 1       ;
; setup:my_setup|draft_config.senha_4.digits[3][2]                ; 1       ;
; setup:my_setup|draft_config.senha_4.digits[3][1]                ; 1       ;
; setup:my_setup|draft_config.senha_4.digits[3][0]                ; 1       ;
; setup:my_setup|draft_config.senha_4.digits[2][3]                ; 1       ;
; setup:my_setup|draft_config.senha_4.digits[2][2]                ; 1       ;
; setup:my_setup|draft_config.senha_4.digits[2][1]                ; 1       ;
; setup:my_setup|draft_config.senha_4.digits[2][0]                ; 1       ;
; Total number of inverted registers = 327*                       ;         ;
+-----------------------------------------------------------------+---------+
* Table truncated at 100 items. To change the number of inverted registers reported, set the "Number of Inverted Registers Reported" option under Assignments->Settings->Analysis and Synthesis Settings->More Settings


+-----------------------------------------------------------------------------------------------------------------------------------------------------------------------------------------------------+
; Multiplexer Restructuring Statistics (Restructuring Performed)                                                                                                                                      ;
+--------------------+-----------+---------------+----------------------+------------------------+------------+---------------------------------------------------------------------------------------+
; Multiplexer Inputs ; Bus Width ; Baseline Area ; Area if Restructured ; Saving if Restructured ; Registered ; Example Multiplexer Output                                                            ;
+--------------------+-----------+---------------+----------------------+------------------------+------------+---------------------------------------------------------------------------------------+
; 3:1                ; 42 bits   ; 84 LEs        ; 42 LEs               ; 42 LEs                 ; Yes        ; |DE1_SOC_golden_top|operacional:my_operacional|config_atual.senha_master.digits[5][1] ;
; 3:1                ; 192 bits  ; 384 LEs       ; 192 LEs              ; 192 LEs                ; Yes        ; |DE1_SOC_golden_top|operacional:my_operacional|config_atual.senha_2.digits[1][2]      ;
; 3:1                ; 19 bits   ; 38 LEs        ; 0 LEs                ; 38 LEs                 ; Yes        ; |DE1_SOC_golden_top|operacional:my_operacional|config_atual.bip_time[1]               ;
; 3:1                ; 14 bits   ; 28 LEs        ; 14 LEs               ; 14 LEs                 ; Yes        ; |DE1_SOC_golden_top|operacional:my_operacional|rst_timer[1]                           ;
; 5:1                ; 4 bits    ; 12 LEs        ; 4 LEs                ; 8 LEs                  ; Yes        ; |DE1_SOC_golden_top|decodificador_de_teclado:my_teclado|hold_target[3]                ;
; 8:1                ; 13 bits   ; 65 LEs        ; 0 LEs                ; 65 LEs                 ; Yes        ; |DE1_SOC_golden_top|decodificador_de_teclado:my_teclado|count_timeout[7]              ;
; 11:1               ; 12 bits   ; 84 LEs        ; 0 LEs                ; 84 LEs                 ; Yes        ; |DE1_SOC_golden_top|decodificador_de_teclado:my_teclado|count_action[2]               ;
; 7:1                ; 17 bits   ; 68 LEs        ; 0 LEs                ; 68 LEs                 ; Yes        ; |DE1_SOC_golden_top|operacional:my_operacional|inactivity_timer[13]                   ;
; 13:1               ; 3 bits    ; 24 LEs        ; 12 LEs               ; 12 LEs                 ; Yes        ; |DE1_SOC_golden_top|operacional:my_operacional|cont_bloqueios[2]                      ;
; 15:1               ; 3 bits    ; 30 LEs        ; 12 LEs               ; 18 LEs                 ; Yes        ; |DE1_SOC_golden_top|operacional:my_operacional|cont_erros[2]                          ;
; 24:1               ; 17 bits   ; 272 LEs       ; 0 LEs                ; 272 LEs                ; Yes        ; |DE1_SOC_golden_top|operacional:my_operacional|state_timer[12]                        ;
; 4:1                ; 3 bits    ; 6 LEs         ; 3 LEs                ; 3 LEs                  ; Yes        ; |DE1_SOC_golden_top|decodificador_de_teclado:my_teclado|lin_matriz[2]                 ;
; 10:1               ; 80 bits   ; 480 LEs       ; 160 LEs              ; 320 LEs                ; Yes        ; |DE1_SOC_golden_top|decodificador_de_teclado:my_teclado|digitos_value.digits[6][0]    ;
; 3:1                ; 9 bits    ; 18 LEs        ; 18 LEs               ; 0 LEs                  ; No         ; |DE1_SOC_golden_top|bcd_mux0[1]                                                       ;
; 3:1                ; 8 bits    ; 16 LEs        ; 16 LEs               ; 0 LEs                  ; No         ; |DE1_SOC_golden_top|bcd_mux5[3]                                                       ;
; 3:1                ; 3 bits    ; 6 LEs         ; 6 LEs                ; 0 LEs                  ; No         ; |DE1_SOC_golden_top|decodificador_de_teclado:my_teclado|scan_prescaler                ;
; 4:1                ; 12 bits   ; 24 LEs        ; 24 LEs               ; 0 LEs                  ; No         ; |DE1_SOC_golden_top|operacional:my_operacional|hold_timer                             ;
; 5:1                ; 14 bits   ; 42 LEs        ; 28 LEs               ; 14 LEs                 ; No         ; |DE1_SOC_golden_top|operacional:my_operacional|state_return                           ;
; 10:1               ; 4 bits    ; 24 LEs        ; 16 LEs               ; 8 LEs                  ; No         ; |DE1_SOC_golden_top|decodificador_de_teclado:my_teclado|state                         ;
; 11:1               ; 8 bits    ; 56 LEs        ; 32 LEs               ; 24 LEs                 ; No         ; |DE1_SOC_golden_top|setup:my_setup|state                                              ;
; 40:1               ; 7 bits    ; 182 LEs       ; 91 LEs               ; 91 LEs                 ; No         ; |DE1_SOC_golden_top|operacional:my_operacional|state                                  ;
; 40:1               ; 2 bits    ; 52 LEs        ; 24 LEs               ; 28 LEs                 ; No         ; |DE1_SOC_golden_top|operacional:my_operacional|state                                  ;
; 43:1               ; 2 bits    ; 56 LEs        ; 24 LEs               ; 32 LEs                 ; No         ; |DE1_SOC_golden_top|operacional:my_operacional|state                                  ;
+--------------------+-----------+---------------+----------------------+------------------------+------------+---------------------------------------------------------------------------------------+


+---------------------------------------------------------------------------------+
; Parameter Settings for Inferred Entity Instance: setup:my_setup|lpm_divide:Mod0 ;
+------------------------+----------------+---------------------------------------+
; Parameter Name         ; Value          ; Type                                  ;
+------------------------+----------------+---------------------------------------+
; LPM_WIDTHN             ; 4              ; Untyped                               ;
; LPM_WIDTHD             ; 4              ; Untyped                               ;
; LPM_NREPRESENTATION    ; UNSIGNED       ; Untyped                               ;
; LPM_DREPRESENTATION    ; UNSIGNED       ; Untyped                               ;
; LPM_PIPELINE           ; 0              ; Untyped                               ;
; LPM_REMAINDERPOSITIVE  ; TRUE           ; Untyped                               ;
; MAXIMIZE_SPEED         ; 5              ; Untyped                               ;
; CBXI_PARAMETER         ; lpm_divide_42m ; Untyped                               ;
; CARRY_CHAIN            ; MANUAL         ; Untyped                               ;
; OPTIMIZE_FOR_SPEED     ; 5              ; Untyped                               ;
; AUTO_CARRY_CHAINS      ; ON             ; AUTO_CARRY                            ;
; IGNORE_CARRY_BUFFERS   ; OFF            ; IGNORE_CARRY                          ;
; AUTO_CASCADE_CHAINS    ; ON             ; AUTO_CASCADE                          ;
; IGNORE_CASCADE_BUFFERS ; OFF            ; IGNORE_CASCADE                        ;
+------------------------+----------------+---------------------------------------+
Note: In order to hide this table in the UI and the text report file, please set the "Show Parameter Settings in Synthesis Report" option in "Analysis and Synthesis Settings -> More Settings" to "Off".


+---------------------------------------------------------------------------------+
; Parameter Settings for Inferred Entity Instance: setup:my_setup|lpm_divide:Div0 ;
+------------------------+----------------+---------------------------------------+
; Parameter Name         ; Value          ; Type                                  ;
+------------------------+----------------+---------------------------------------+
; LPM_WIDTHN             ; 4              ; Untyped                               ;
; LPM_WIDTHD             ; 4              ; Untyped                               ;
; LPM_NREPRESENTATION    ; UNSIGNED       ; Untyped                               ;
; LPM_DREPRESENTATION    ; UNSIGNED       ; Untyped                               ;
; LPM_PIPELINE           ; 0              ; Untyped                               ;
; LPM_REMAINDERPOSITIVE  ; TRUE           ; Untyped                               ;
; MAXIMIZE_SPEED         ; 5              ; Untyped                               ;
; CBXI_PARAMETER         ; lpm_divide_1am ; Untyped                               ;
; CARRY_CHAIN            ; MANUAL         ; Untyped                               ;
; OPTIMIZE_FOR_SPEED     ; 5              ; Untyped                               ;
; AUTO_CARRY_CHAINS      ; ON             ; AUTO_CARRY                            ;
; IGNORE_CARRY_BUFFERS   ; OFF            ; IGNORE_CARRY                          ;
; AUTO_CASCADE_CHAINS    ; ON             ; AUTO_CASCADE                          ;
; IGNORE_CASCADE_BUFFERS ; OFF            ; IGNORE_CASCADE                        ;
+------------------------+----------------+---------------------------------------+
Note: In order to hide this table in the UI and the text report file, please set the "Show Parameter Settings in Synthesis Report" option in "Analysis and Synthesis Settings -> More Settings" to "Off".


+-----------------------------------------------------------------------------------------------------------------+
; Port Connectivity Checks: "debounce:my_sw9"                                                                     ;
+-------+--------+----------+-------------------------------------------------------------------------------------+
; Port  ; Type   ; Severity ; Details                                                                             ;
+-------+--------+----------+-------------------------------------------------------------------------------------+
; s_out ; Output ; Info     ; Connected to dangling logic. Logic that only feeds a dangling port will be removed. ;
+-------+--------+----------+-------------------------------------------------------------------------------------+


+-----------------------------------------------------------------------------------------------------------------+
; Port Connectivity Checks: "debounce:my_sw8"                                                                     ;
+-------+--------+----------+-------------------------------------------------------------------------------------+
; Port  ; Type   ; Severity ; Details                                                                             ;
+-------+--------+----------+-------------------------------------------------------------------------------------+
; s_out ; Output ; Info     ; Connected to dangling logic. Logic that only feeds a dangling port will be removed. ;
+-------+--------+----------+-------------------------------------------------------------------------------------+


+-----------------------------------------------------------------------------------------------------------------+
; Port Connectivity Checks: "debounce:my_sw7"                                                                     ;
+-------+--------+----------+-------------------------------------------------------------------------------------+
; Port  ; Type   ; Severity ; Details                                                                             ;
+-------+--------+----------+-------------------------------------------------------------------------------------+
; s_out ; Output ; Info     ; Connected to dangling logic. Logic that only feeds a dangling port will be removed. ;
+-------+--------+----------+-------------------------------------------------------------------------------------+


+-----------------------------------------------------------------------------------------------------------------+
; Port Connectivity Checks: "debounce:my_sw6"                                                                     ;
+-------+--------+----------+-------------------------------------------------------------------------------------+
; Port  ; Type   ; Severity ; Details                                                                             ;
+-------+--------+----------+-------------------------------------------------------------------------------------+
; s_out ; Output ; Info     ; Connected to dangling logic. Logic that only feeds a dangling port will be removed. ;
+-------+--------+----------+-------------------------------------------------------------------------------------+


+-----------------------------------------------------------------------------------------------------------------+
; Port Connectivity Checks: "debounce:my_sw5"                                                                     ;
+-------+--------+----------+-------------------------------------------------------------------------------------+
; Port  ; Type   ; Severity ; Details                                                                             ;
+-------+--------+----------+-------------------------------------------------------------------------------------+
; s_out ; Output ; Info     ; Connected to dangling logic. Logic that only feeds a dangling port will be removed. ;
+-------+--------+----------+-------------------------------------------------------------------------------------+


+-----------------------------------------------------------------------------------------------------------------+
; Port Connectivity Checks: "debounce:my_sw0"                                                                     ;
+-------+--------+----------+-------------------------------------------------------------------------------------+
; Port  ; Type   ; Severity ; Details                                                                             ;
+-------+--------+----------+-------------------------------------------------------------------------------------+
; s_out ; Output ; Info     ; Connected to dangling logic. Logic that only feeds a dangling port will be removed. ;
+-------+--------+----------+-------------------------------------------------------------------------------------+


+------------------------------------------------------------------------------------------------------------------------------------------------------------------------------------------------------------+
; Port Connectivity Checks: "segment7:CONV_5"                                                                                                                                                                ;
+------+-------+----------+----------------------------------------------------------------------------------------------------------------------------------------------------------------------------------+
; Port ; Type  ; Severity ; Details                                                                                                                                                                          ;
+------+-------+----------+----------------------------------------------------------------------------------------------------------------------------------------------------------------------------------+
; bcd  ; Input ; Warning  ; Input port expression (5 bits) is wider than the input port (4 bits) it drives.  The 1 most-significant bit(s) in the expression will be dangling if they have no other fanouts. ;
+------+-------+----------+----------------------------------------------------------------------------------------------------------------------------------------------------------------------------------+


+------------------------------------------------------------------------------------------------------------------------------------------------------------------------------------------------------------+
; Port Connectivity Checks: "segment7:CONV_4"                                                                                                                                                                ;
+------+-------+----------+----------------------------------------------------------------------------------------------------------------------------------------------------------------------------------+
; Port ; Type  ; Severity ; Details                                                                                                                                                                          ;
+------+-------+----------+----------------------------------------------------------------------------------------------------------------------------------------------------------------------------------+
; bcd  ; Input ; Warning  ; Input port expression (5 bits) is wider than the input port (4 bits) it drives.  The 1 most-significant bit(s) in the expression will be dangling if they have no other fanouts. ;
+------+-------+----------+----------------------------------------------------------------------------------------------------------------------------------------------------------------------------------+


+------------------------------------------------------------------------------------------------------------------------------------------------------------------------------------------------------------+
; Port Connectivity Checks: "segment7:CONV_3"                                                                                                                                                                ;
+------+-------+----------+----------------------------------------------------------------------------------------------------------------------------------------------------------------------------------+
; Port ; Type  ; Severity ; Details                                                                                                                                                                          ;
+------+-------+----------+----------------------------------------------------------------------------------------------------------------------------------------------------------------------------------+
; bcd  ; Input ; Warning  ; Input port expression (5 bits) is wider than the input port (4 bits) it drives.  The 1 most-significant bit(s) in the expression will be dangling if they have no other fanouts. ;
+------+-------+----------+----------------------------------------------------------------------------------------------------------------------------------------------------------------------------------+


+------------------------------------------------------------------------------------------------------------------------------------------------------------------------------------------------------------+
; Port Connectivity Checks: "segment7:CONV_2"                                                                                                                                                                ;
+------+-------+----------+----------------------------------------------------------------------------------------------------------------------------------------------------------------------------------+
; Port ; Type  ; Severity ; Details                                                                                                                                                                          ;
+------+-------+----------+----------------------------------------------------------------------------------------------------------------------------------------------------------------------------------+
; bcd  ; Input ; Warning  ; Input port expression (5 bits) is wider than the input port (4 bits) it drives.  The 1 most-significant bit(s) in the expression will be dangling if they have no other fanouts. ;
+------+-------+----------+----------------------------------------------------------------------------------------------------------------------------------------------------------------------------------+


+------------------------------------------------------------------------------------------------------------------------------------------------------------------------------------------------------------+
; Port Connectivity Checks: "segment7:CONV_1"                                                                                                                                                                ;
+------+-------+----------+----------------------------------------------------------------------------------------------------------------------------------------------------------------------------------+
; Port ; Type  ; Severity ; Details                                                                                                                                                                          ;
+------+-------+----------+----------------------------------------------------------------------------------------------------------------------------------------------------------------------------------+
; bcd  ; Input ; Warning  ; Input port expression (5 bits) is wider than the input port (4 bits) it drives.  The 1 most-significant bit(s) in the expression will be dangling if they have no other fanouts. ;
+------+-------+----------+----------------------------------------------------------------------------------------------------------------------------------------------------------------------------------+


+------------------------------------------------------------------------------------------------------------------------------------------------------------------------------------------------------------+
; Port Connectivity Checks: "segment7:CONV_0"                                                                                                                                                                ;
+------+-------+----------+----------------------------------------------------------------------------------------------------------------------------------------------------------------------------------+
; Port ; Type  ; Severity ; Details                                                                                                                                                                          ;
+------+-------+----------+----------------------------------------------------------------------------------------------------------------------------------------------------------------------------------+
; bcd  ; Input ; Warning  ; Input port expression (5 bits) is wider than the input port (4 bits) it drives.  The 1 most-significant bit(s) in the expression will be dangling if they have no other fanouts. ;
+------+-------+----------+----------------------------------------------------------------------------------------------------------------------------------------------------------------------------------+


+------------------------------------------------------------------------------------------------------------------------+
; Port Connectivity Checks: "setup:my_setup"                                                                             ;
+--------------+--------+----------+-------------------------------------------------------------------------------------+
; Port         ; Type   ; Severity ; Details                                                                             ;
+--------------+--------+----------+-------------------------------------------------------------------------------------+
; display_en   ; Output ; Info     ; Connected to dangling logic. Logic that only feeds a dangling port will be removed. ;
; bcd_pac.BCD3 ; Output ; Info     ; Connected to dangling logic. Logic that only feeds a dangling port will be removed. ;
; bcd_pac.BCD2 ; Output ; Info     ; Connected to dangling logic. Logic that only feeds a dangling port will be removed. ;
; bcd_pac.BCD1 ; Output ; Info     ; Connected to dangling logic. Logic that only feeds a dangling port will be removed. ;
; bcd_pac.BCD0 ; Output ; Info     ; Connected to dangling logic. Logic that only feeds a dangling port will be removed. ;
+--------------+--------+----------+-------------------------------------------------------------------------------------+


+-----------------------------------------------------+
; Post-Synthesis Netlist Statistics for Top Partition ;
+-----------------------+-----------------------------+
; Type                  ; Count                       ;
+-----------------------+-----------------------------+
; arriav_ff             ; 949                         ;
;     CLR               ; 12                          ;
;     CLR SCLR          ; 167                         ;
;     ENA               ; 275                         ;
;     ENA CLR           ; 343                         ;
;     ENA CLR SCLR      ; 65                          ;
;     ENA SCLR          ; 57                          ;
;     ENA SLD           ; 14                          ;
;     SLD               ; 3                           ;
;     plain             ; 13                          ;
; arriav_io_obuf        ; 96                          ;
; arriav_lcell_comb     ; 3197                        ;
;     arith             ; 252                         ;
;         0 data inputs ; 1                           ;
;         1 data inputs ; 245                         ;
;         2 data inputs ; 3                           ;
;         3 data inputs ; 2                           ;
;         4 data inputs ; 1                           ;
;     extend            ; 5                           ;
;         7 data inputs ; 5                           ;
;     normal            ; 2930                        ;
;         0 data inputs ; 1                           ;
;         1 data inputs ; 40                          ;
;         2 data inputs ; 941                         ;
;         3 data inputs ; 79                          ;
;         4 data inputs ; 316                         ;
;         5 data inputs ; 157                         ;
;         6 data inputs ; 1396                        ;
;     shared            ; 10                          ;
;         0 data inputs ; 2                           ;
;         1 data inputs ; 8                           ;
; arriav_mac            ; 3                           ;
; boundary_port         ; 241                         ;
;                       ;                             ;
; Max LUT depth         ; 13.00                       ;
; Average LUT depth     ; 8.69                        ;
+-----------------------+-----------------------------+


+-------------------------------+
; Elapsed Time Per Partition    ;
+----------------+--------------+
; Partition Name ; Elapsed Time ;
+----------------+--------------+
; Top            ; 00:00:09     ;
+----------------+--------------+


+-------------------------------+
; Analysis & Synthesis Messages ;
+-------------------------------+
Info: *******************************************************************
Info: Running Quartus Prime Analysis & Synthesis
    Info: Version 25.1std.0 Build 1129 10/21/2025 SC Lite Edition
    Info: Processing started: Tue Jun  9 15:53:43 2026
Info: Command: quartus_map --read_settings_files=on --write_settings_files=off fechadura-eletronica -c fechadura-eletronica
Info (20030): Parallel compilation is enabled and will use 16 of the 16 processors detected
Info (12021): Found 1 design units, including 1 entities, in source file divfreq.sv
    Info (12023): Found entity 1: divfreq File: C:/Users/Vinicius Duarte/Documents/repositorios/fechadura-quartus-psd/divfreq.sv Line: 1
Info (12021): Found 1 design units, including 1 entities, in source file segment7.sv
    Info (12023): Found entity 1: segment7 File: C:/Users/Vinicius Duarte/Documents/repositorios/fechadura-quartus-psd/segment7.sv Line: 1
Info (12021): Found 1 design units, including 1 entities, in source file debounce.sv
    Info (12023): Found entity 1: debounce File: C:/Users/Vinicius Duarte/Documents/repositorios/fechadura-quartus-psd/debounce.sv Line: 1
Info (12021): Found 1 design units, including 0 entities, in source file projeto_types.sv
    Info (12022): Found design unit 1: projeto_types (SystemVerilog) File: C:/Users/Vinicius Duarte/Documents/repositorios/fechadura-quartus-psd/projeto_types.sv Line: 1
Info (12021): Found 1 design units, including 1 entities, in source file decodificador_teclado.sv
    Info (12023): Found entity 1: decodificador_de_teclado File: C:/Users/Vinicius Duarte/Documents/repositorios/fechadura-quartus-psd/decodificador_teclado.sv Line: 6
Info (12021): Found 1 design units, including 1 entities, in source file setup.sv
    Info (12023): Found entity 1: setup File: C:/Users/Vinicius Duarte/Documents/repositorios/fechadura-quartus-psd/setup.sv Line: 9
Info (12021): Found 1 design units, including 1 entities, in source file operacional.sv
    Info (12023): Found entity 1: operacional File: C:/Users/Vinicius Duarte/Documents/repositorios/fechadura-quartus-psd/operacional.sv Line: 6
Info (12021): Found 1 design units, including 1 entities, in source file de1_soc_golden_top.sv
    Info (12023): Found entity 1: DE1_SOC_golden_top File: C:/Users/Vinicius Duarte/Documents/repositorios/fechadura-quartus-psd/DE1_SOC_golden_top.sv Line: 54
Info (12127): Elaborating entity "DE1_SOC_golden_top" for the top level hierarchy
Warning (10034): Output port "DRAM_ADDR" at DE1_SOC_golden_top.sv(100) has no driver File: C:/Users/Vinicius Duarte/Documents/repositorios/fechadura-quartus-psd/DE1_SOC_golden_top.sv Line: 100
Warning (10034): Output port "DRAM_BA" at DE1_SOC_golden_top.sv(101) has no driver File: C:/Users/Vinicius Duarte/Documents/repositorios/fechadura-quartus-psd/DE1_SOC_golden_top.sv Line: 101
Warning (10034): Output port "LEDR[8..3]" at DE1_SOC_golden_top.sv(210) has no driver File: C:/Users/Vinicius Duarte/Documents/repositorios/fechadura-quartus-psd/DE1_SOC_golden_top.sv Line: 210
Warning (10034): Output port "VGA_B" at DE1_SOC_golden_top.sv(237) has no driver File: C:/Users/Vinicius Duarte/Documents/repositorios/fechadura-quartus-psd/DE1_SOC_golden_top.sv Line: 237
Warning (10034): Output port "VGA_G" at DE1_SOC_golden_top.sv(240) has no driver File: C:/Users/Vinicius Duarte/Documents/repositorios/fechadura-quartus-psd/DE1_SOC_golden_top.sv Line: 240
Warning (10034): Output port "VGA_R" at DE1_SOC_golden_top.sv(242) has no driver File: C:/Users/Vinicius Duarte/Documents/repositorios/fechadura-quartus-psd/DE1_SOC_golden_top.sv Line: 242
Warning (10034): Output port "ADC_CONVST" at DE1_SOC_golden_top.sv(59) has no driver File: C:/Users/Vinicius Duarte/Documents/repositorios/fechadura-quartus-psd/DE1_SOC_golden_top.sv Line: 59
Warning (10034): Output port "ADC_DIN" at DE1_SOC_golden_top.sv(60) has no driver File: C:/Users/Vinicius Duarte/Documents/repositorios/fechadura-quartus-psd/DE1_SOC_golden_top.sv Line: 60
Warning (10034): Output port "ADC_SCLK" at DE1_SOC_golden_top.sv(62) has no driver File: C:/Users/Vinicius Duarte/Documents/repositorios/fechadura-quartus-psd/DE1_SOC_golden_top.sv Line: 62
Warning (10034): Output port "AUD_DACDAT" at DE1_SOC_golden_top.sv(72) has no driver File: C:/Users/Vinicius Duarte/Documents/repositorios/fechadura-quartus-psd/DE1_SOC_golden_top.sv Line: 72
Warning (10034): Output port "AUD_XCK" at DE1_SOC_golden_top.sv(74) has no driver File: C:/Users/Vinicius Duarte/Documents/repositorios/fechadura-quartus-psd/DE1_SOC_golden_top.sv Line: 74
Warning (10034): Output port "DRAM_CAS_N" at DE1_SOC_golden_top.sv(102) has no driver File: C:/Users/Vinicius Duarte/Documents/repositorios/fechadura-quartus-psd/DE1_SOC_golden_top.sv Line: 102
Warning (10034): Output port "DRAM_CKE" at DE1_SOC_golden_top.sv(103) has no driver File: C:/Users/Vinicius Duarte/Documents/repositorios/fechadura-quartus-psd/DE1_SOC_golden_top.sv Line: 103
Warning (10034): Output port "DRAM_CLK" at DE1_SOC_golden_top.sv(104) has no driver File: C:/Users/Vinicius Duarte/Documents/repositorios/fechadura-quartus-psd/DE1_SOC_golden_top.sv Line: 104
Warning (10034): Output port "DRAM_CS_N" at DE1_SOC_golden_top.sv(105) has no driver File: C:/Users/Vinicius Duarte/Documents/repositorios/fechadura-quartus-psd/DE1_SOC_golden_top.sv Line: 105
Warning (10034): Output port "DRAM_LDQM" at DE1_SOC_golden_top.sv(107) has no driver File: C:/Users/Vinicius Duarte/Documents/repositorios/fechadura-quartus-psd/DE1_SOC_golden_top.sv Line: 107
Warning (10034): Output port "DRAM_RAS_N" at DE1_SOC_golden_top.sv(108) has no driver File: C:/Users/Vinicius Duarte/Documents/repositorios/fechadura-quartus-psd/DE1_SOC_golden_top.sv Line: 108
Warning (10034): Output port "DRAM_UDQM" at DE1_SOC_golden_top.sv(109) has no driver File: C:/Users/Vinicius Duarte/Documents/repositorios/fechadura-quartus-psd/DE1_SOC_golden_top.sv Line: 109
Warning (10034): Output port "DRAM_WE_N" at DE1_SOC_golden_top.sv(110) has no driver File: C:/Users/Vinicius Duarte/Documents/repositorios/fechadura-quartus-psd/DE1_SOC_golden_top.sv Line: 110
Warning (10034): Output port "FAN_CTRL" at DE1_SOC_golden_top.sv(115) has no driver File: C:/Users/Vinicius Duarte/Documents/repositorios/fechadura-quartus-psd/DE1_SOC_golden_top.sv Line: 115
Warning (10034): Output port "FPGA_I2C_SCLK" at DE1_SOC_golden_top.sv(120) has no driver File: C:/Users/Vinicius Duarte/Documents/repositorios/fechadura-quartus-psd/DE1_SOC_golden_top.sv Line: 120
Warning (10034): Output port "IRDA_TXD" at DE1_SOC_golden_top.sv(200) has no driver File: C:/Users/Vinicius Duarte/Documents/repositorios/fechadura-quartus-psd/DE1_SOC_golden_top.sv Line: 200
Warning (10034): Output port "TD_RESET_N" at DE1_SOC_golden_top.sv(231) has no driver File: C:/Users/Vinicius Duarte/Documents/repositorios/fechadura-quartus-psd/DE1_SOC_golden_top.sv Line: 231
Warning (10034): Output port "VGA_BLANK_N" at DE1_SOC_golden_top.sv(238) has no driver File: C:/Users/Vinicius Duarte/Documents/repositorios/fechadura-quartus-psd/DE1_SOC_golden_top.sv Line: 238
Warning (10034): Output port "VGA_CLK" at DE1_SOC_golden_top.sv(239) has no driver File: C:/Users/Vinicius Duarte/Documents/repositorios/fechadura-quartus-psd/DE1_SOC_golden_top.sv Line: 239
Warning (10034): Output port "VGA_HS" at DE1_SOC_golden_top.sv(241) has no driver File: C:/Users/Vinicius Duarte/Documents/repositorios/fechadura-quartus-psd/DE1_SOC_golden_top.sv Line: 241
Warning (10034): Output port "VGA_SYNC_N" at DE1_SOC_golden_top.sv(243) has no driver File: C:/Users/Vinicius Duarte/Documents/repositorios/fechadura-quartus-psd/DE1_SOC_golden_top.sv Line: 243
Warning (10034): Output port "VGA_VS" at DE1_SOC_golden_top.sv(246) has no driver File: C:/Users/Vinicius Duarte/Documents/repositorios/fechadura-quartus-psd/DE1_SOC_golden_top.sv Line: 246
Info (12128): Elaborating entity "divfreq" for hierarchy "divfreq:my_div" File: C:/Users/Vinicius Duarte/Documents/repositorios/fechadura-quartus-psd/DE1_SOC_golden_top.sv Line: 283
Info (12128): Elaborating entity "setup" for hierarchy "setup:my_setup" File: C:/Users/Vinicius Duarte/Documents/repositorios/fechadura-quartus-psd/DE1_SOC_golden_top.sv Line: 296
Warning (10230): Verilog HDL assignment warning at setup.sv(61): truncated value with size 32 to match size of target (4) File: C:/Users/Vinicius Duarte/Documents/repositorios/fechadura-quartus-psd/setup.sv Line: 61
Warning (10230): Verilog HDL assignment warning at setup.sv(62): truncated value with size 32 to match size of target (4) File: C:/Users/Vinicius Duarte/Documents/repositorios/fechadura-quartus-psd/setup.sv Line: 62
Warning (10230): Verilog HDL assignment warning at setup.sv(83): truncated value with size 80 to match size of target (48) File: C:/Users/Vinicius Duarte/Documents/repositorios/fechadura-quartus-psd/setup.sv Line: 83
Warning (10230): Verilog HDL assignment warning at setup.sv(84): truncated value with size 80 to match size of target (48) File: C:/Users/Vinicius Duarte/Documents/repositorios/fechadura-quartus-psd/setup.sv Line: 84
Warning (10230): Verilog HDL assignment warning at setup.sv(85): truncated value with size 80 to match size of target (48) File: C:/Users/Vinicius Duarte/Documents/repositorios/fechadura-quartus-psd/setup.sv Line: 85
Warning (10230): Verilog HDL assignment warning at setup.sv(86): truncated value with size 80 to match size of target (48) File: C:/Users/Vinicius Duarte/Documents/repositorios/fechadura-quartus-psd/setup.sv Line: 86
Warning (10230): Verilog HDL assignment warning at setup.sv(159): truncated value with size 32 to match size of target (8) File: C:/Users/Vinicius Duarte/Documents/repositorios/fechadura-quartus-psd/setup.sv Line: 159
Warning (10230): Verilog HDL assignment warning at setup.sv(179): truncated value with size 32 to match size of target (8) File: C:/Users/Vinicius Duarte/Documents/repositorios/fechadura-quartus-psd/setup.sv Line: 179
Warning (10230): Verilog HDL assignment warning at setup.sv(200): truncated value with size 80 to match size of target (48) File: C:/Users/Vinicius Duarte/Documents/repositorios/fechadura-quartus-psd/setup.sv Line: 200
Warning (10230): Verilog HDL assignment warning at setup.sv(216): truncated value with size 80 to match size of target (48) File: C:/Users/Vinicius Duarte/Documents/repositorios/fechadura-quartus-psd/setup.sv Line: 216
Warning (10230): Verilog HDL assignment warning at setup.sv(232): truncated value with size 80 to match size of target (48) File: C:/Users/Vinicius Duarte/Documents/repositorios/fechadura-quartus-psd/setup.sv Line: 232
Warning (10230): Verilog HDL assignment warning at setup.sv(248): truncated value with size 80 to match size of target (48) File: C:/Users/Vinicius Duarte/Documents/repositorios/fechadura-quartus-psd/setup.sv Line: 248
Warning (10230): Verilog HDL assignment warning at setup.sv(264): truncated value with size 80 to match size of target (48) File: C:/Users/Vinicius Duarte/Documents/repositorios/fechadura-quartus-psd/setup.sv Line: 264
Info (12128): Elaborating entity "decodificador_de_teclado" for hierarchy "decodificador_de_teclado:my_teclado" File: C:/Users/Vinicius Duarte/Documents/repositorios/fechadura-quartus-psd/DE1_SOC_golden_top.sv Line: 307
Warning (10230): Verilog HDL assignment warning at decodificador_teclado.sv(175): truncated value with size 32 to match size of target (12) File: C:/Users/Vinicius Duarte/Documents/repositorios/fechadura-quartus-psd/decodificador_teclado.sv Line: 175
Warning (10230): Verilog HDL assignment warning at decodificador_teclado.sv(192): truncated value with size 32 to match size of target (12) File: C:/Users/Vinicius Duarte/Documents/repositorios/fechadura-quartus-psd/decodificador_teclado.sv Line: 192
Info (12128): Elaborating entity "operacional" for hierarchy "operacional:my_operacional" File: C:/Users/Vinicius Duarte/Documents/repositorios/fechadura-quartus-psd/DE1_SOC_golden_top.sv Line: 327
Warning (10036): Verilog HDL or VHDL warning at operacional.sv(78): object "botao_bloqueio_rise" assigned a value but never read File: C:/Users/Vinicius Duarte/Documents/repositorios/fechadura-quartus-psd/operacional.sv Line: 78
Info (10264): Verilog HDL Case Statement information at operacional.sv(91): all case item expressions in this case statement are onehot File: C:/Users/Vinicius Duarte/Documents/repositorios/fechadura-quartus-psd/operacional.sv Line: 91
Info (12128): Elaborating entity "segment7" for hierarchy "segment7:CONV_0" File: C:/Users/Vinicius Duarte/Documents/repositorios/fechadura-quartus-psd/DE1_SOC_golden_top.sv Line: 375
Info (12128): Elaborating entity "debounce" for hierarchy "debounce:my_sw0" File: C:/Users/Vinicius Duarte/Documents/repositorios/fechadura-quartus-psd/DE1_SOC_golden_top.sv Line: 385
Info (278001): Inferred 2 megafunctions from design logic
    Info (278004): Inferred divider/modulo megafunction ("lpm_divide") from the following logic: "setup:my_setup|Mod0" File: C:/Users/Vinicius Duarte/Documents/repositorios/fechadura-quartus-psd/setup.sv Line: 62
    Info (278004): Inferred divider/modulo megafunction ("lpm_divide") from the following logic: "setup:my_setup|Div0" File: C:/Users/Vinicius Duarte/Documents/repositorios/fechadura-quartus-psd/setup.sv Line: 61
Info (12130): Elaborated megafunction instantiation "setup:my_setup|lpm_divide:Mod0" File: C:/Users/Vinicius Duarte/Documents/repositorios/fechadura-quartus-psd/setup.sv Line: 62
Info (12133): Instantiated megafunction "setup:my_setup|lpm_divide:Mod0" with the following parameter: File: C:/Users/Vinicius Duarte/Documents/repositorios/fechadura-quartus-psd/setup.sv Line: 62
    Info (12134): Parameter "LPM_WIDTHN" = "4"
    Info (12134): Parameter "LPM_WIDTHD" = "4"
    Info (12134): Parameter "LPM_NREPRESENTATION" = "UNSIGNED"
    Info (12134): Parameter "LPM_DREPRESENTATION" = "UNSIGNED"
Info (12021): Found 1 design units, including 1 entities, in source file db/lpm_divide_42m.tdf
    Info (12023): Found entity 1: lpm_divide_42m File: C:/Users/Vinicius Duarte/Documents/repositorios/fechadura-quartus-psd/db/lpm_divide_42m.tdf Line: 25
Info (12021): Found 1 design units, including 1 entities, in source file db/sign_div_unsign_7kh.tdf
    Info (12023): Found entity 1: sign_div_unsign_7kh File: C:/Users/Vinicius Duarte/Documents/repositorios/fechadura-quartus-psd/db/sign_div_unsign_7kh.tdf Line: 25
Info (12021): Found 1 design units, including 1 entities, in source file db/alt_u_div_kse.tdf
    Info (12023): Found entity 1: alt_u_div_kse File: C:/Users/Vinicius Duarte/Documents/repositorios/fechadura-quartus-psd/db/alt_u_div_kse.tdf Line: 23
Info (12130): Elaborated megafunction instantiation "setup:my_setup|lpm_divide:Div0" File: C:/Users/Vinicius Duarte/Documents/repositorios/fechadura-quartus-psd/setup.sv Line: 61
Info (12133): Instantiated megafunction "setup:my_setup|lpm_divide:Div0" with the following parameter: File: C:/Users/Vinicius Duarte/Documents/repositorios/fechadura-quartus-psd/setup.sv Line: 61
    Info (12134): Parameter "LPM_WIDTHN" = "4"
    Info (12134): Parameter "LPM_WIDTHD" = "4"
    Info (12134): Parameter "LPM_NREPRESENTATION" = "UNSIGNED"
    Info (12134): Parameter "LPM_DREPRESENTATION" = "UNSIGNED"
Info (12021): Found 1 design units, including 1 entities, in source file db/lpm_divide_1am.tdf
    Info (12023): Found entity 1: lpm_divide_1am File: C:/Users/Vinicius Duarte/Documents/repositorios/fechadura-quartus-psd/db/lpm_divide_1am.tdf Line: 25
Warning (12241): 6 hierarchies have connectivity warnings - see the Connectivity Checks report folder
Warning (13034): The following nodes have both tri-state and non-tri-state drivers
    Warning (13035): Inserted always-enabled tri-state buffer between "GPIO_0[18]" and its non-tri-state driver. File: C:/Users/Vinicius Duarte/Documents/repositorios/fechadura-quartus-psd/DE1_SOC_golden_top.sv Line: 126
    Warning (13035): Inserted always-enabled tri-state buffer between "GPIO_0[20]" and its non-tri-state driver. File: C:/Users/Vinicius Duarte/Documents/repositorios/fechadura-quartus-psd/DE1_SOC_golden_top.sv Line: 126
    Warning (13035): Inserted always-enabled tri-state buffer between "GPIO_0[22]" and its non-tri-state driver. File: C:/Users/Vinicius Duarte/Documents/repositorios/fechadura-quartus-psd/DE1_SOC_golden_top.sv Line: 126
    Warning (13035): Inserted always-enabled tri-state buffer between "GPIO_0[24]" and its non-tri-state driver. File: C:/Users/Vinicius Duarte/Documents/repositorios/fechadura-quartus-psd/DE1_SOC_golden_top.sv Line: 126
Warning (13039): The following bidirectional pins have no drivers
    Warning (13040): bidirectional pin "GPIO_0[10]" has no driver File: C:/Users/Vinicius Duarte/Documents/repositorios/fechadura-quartus-psd/DE1_SOC_golden_top.sv Line: 126
    Warning (13040): bidirectional pin "GPIO_0[12]" has no driver File: C:/Users/Vinicius Duarte/Documents/repositorios/fechadura-quartus-psd/DE1_SOC_golden_top.sv Line: 126
    Warning (13040): bidirectional pin "GPIO_0[14]" has no driver File: C:/Users/Vinicius Duarte/Documents/repositorios/fechadura-quartus-psd/DE1_SOC_golden_top.sv Line: 126
    Warning (13040): bidirectional pin "GPIO_0[16]" has no driver File: C:/Users/Vinicius Duarte/Documents/repositorios/fechadura-quartus-psd/DE1_SOC_golden_top.sv Line: 126
    Warning (13040): bidirectional pin "AUD_ADCLRCK" has no driver File: C:/Users/Vinicius Duarte/Documents/repositorios/fechadura-quartus-psd/DE1_SOC_golden_top.sv Line: 70
    Warning (13040): bidirectional pin "AUD_BCLK" has no driver File: C:/Users/Vinicius Duarte/Documents/repositorios/fechadura-quartus-psd/DE1_SOC_golden_top.sv Line: 71
    Warning (13040): bidirectional pin "AUD_DACLRCK" has no driver File: C:/Users/Vinicius Duarte/Documents/repositorios/fechadura-quartus-psd/DE1_SOC_golden_top.sv Line: 73
    Warning (13040): bidirectional pin "DRAM_DQ[0]" has no driver File: C:/Users/Vinicius Duarte/Documents/repositorios/fechadura-quartus-psd/DE1_SOC_golden_top.sv Line: 106
    Warning (13040): bidirectional pin "DRAM_DQ[1]" has no driver File: C:/Users/Vinicius Duarte/Documents/repositorios/fechadura-quartus-psd/DE1_SOC_golden_top.sv Line: 106
    Warning (13040): bidirectional pin "DRAM_DQ[2]" has no driver File: C:/Users/Vinicius Duarte/Documents/repositorios/fechadura-quartus-psd/DE1_SOC_golden_top.sv Line: 106
    Warning (13040): bidirectional pin "DRAM_DQ[3]" has no driver File: C:/Users/Vinicius Duarte/Documents/repositorios/fechadura-quartus-psd/DE1_SOC_golden_top.sv Line: 106
    Warning (13040): bidirectional pin "DRAM_DQ[4]" has no driver File: C:/Users/Vinicius Duarte/Documents/repositorios/fechadura-quartus-psd/DE1_SOC_golden_top.sv Line: 106
    Warning (13040): bidirectional pin "DRAM_DQ[5]" has no driver File: C:/Users/Vinicius Duarte/Documents/repositorios/fechadura-quartus-psd/DE1_SOC_golden_top.sv Line: 106
    Warning (13040): bidirectional pin "DRAM_DQ[6]" has no driver File: C:/Users/Vinicius Duarte/Documents/repositorios/fechadura-quartus-psd/DE1_SOC_golden_top.sv Line: 106
    Warning (13040): bidirectional pin "DRAM_DQ[7]" has no driver File: C:/Users/Vinicius Duarte/Documents/repositorios/fechadura-quartus-psd/DE1_SOC_golden_top.sv Line: 106
    Warning (13040): bidirectional pin "DRAM_DQ[8]" has no driver File: C:/Users/Vinicius Duarte/Documents/repositorios/fechadura-quartus-psd/DE1_SOC_golden_top.sv Line: 106
    Warning (13040): bidirectional pin "DRAM_DQ[9]" has no driver File: C:/Users/Vinicius Duarte/Documents/repositorios/fechadura-quartus-psd/DE1_SOC_golden_top.sv Line: 106
    Warning (13040): bidirectional pin "DRAM_DQ[10]" has no driver File: C:/Users/Vinicius Duarte/Documents/repositorios/fechadura-quartus-psd/DE1_SOC_golden_top.sv Line: 106
    Warning (13040): bidirectional pin "DRAM_DQ[11]" has no driver File: C:/Users/Vinicius Duarte/Documents/repositorios/fechadura-quartus-psd/DE1_SOC_golden_top.sv Line: 106
    Warning (13040): bidirectional pin "DRAM_DQ[12]" has no driver File: C:/Users/Vinicius Duarte/Documents/repositorios/fechadura-quartus-psd/DE1_SOC_golden_top.sv Line: 106
    Warning (13040): bidirectional pin "DRAM_DQ[13]" has no driver File: C:/Users/Vinicius Duarte/Documents/repositorios/fechadura-quartus-psd/DE1_SOC_golden_top.sv Line: 106
    Warning (13040): bidirectional pin "DRAM_DQ[14]" has no driver File: C:/Users/Vinicius Duarte/Documents/repositorios/fechadura-quartus-psd/DE1_SOC_golden_top.sv Line: 106
    Warning (13040): bidirectional pin "DRAM_DQ[15]" has no driver File: C:/Users/Vinicius Duarte/Documents/repositorios/fechadura-quartus-psd/DE1_SOC_golden_top.sv Line: 106
    Warning (13040): bidirectional pin "FPGA_I2C_SDAT" has no driver File: C:/Users/Vinicius Duarte/Documents/repositorios/fechadura-quartus-psd/DE1_SOC_golden_top.sv Line: 121
    Warning (13040): bidirectional pin "GPIO_0[0]" has no driver File: C:/Users/Vinicius Duarte/Documents/repositorios/fechadura-quartus-psd/DE1_SOC_golden_top.sv Line: 126
    Warning (13040): bidirectional pin "GPIO_0[1]" has no driver File: C:/Users/Vinicius Duarte/Documents/repositorios/fechadura-quartus-psd/DE1_SOC_golden_top.sv Line: 126
    Warning (13040): bidirectional pin "GPIO_0[2]" has no driver File: C:/Users/Vinicius Duarte/Documents/repositorios/fechadura-quartus-psd/DE1_SOC_golden_top.sv Line: 126
    Warning (13040): bidirectional pin "GPIO_0[3]" has no driver File: C:/Users/Vinicius Duarte/Documents/repositorios/fechadura-quartus-psd/DE1_SOC_golden_top.sv Line: 126
    Warning (13040): bidirectional pin "GPIO_0[4]" has no driver File: C:/Users/Vinicius Duarte/Documents/repositorios/fechadura-quartus-psd/DE1_SOC_golden_top.sv Line: 126
    Warning (13040): bidirectional pin "GPIO_0[5]" has no driver File: C:/Users/Vinicius Duarte/Documents/repositorios/fechadura-quartus-psd/DE1_SOC_golden_top.sv Line: 126
    Warning (13040): bidirectional pin "GPIO_0[6]" has no driver File: C:/Users/Vinicius Duarte/Documents/repositorios/fechadura-quartus-psd/DE1_SOC_golden_top.sv Line: 126
    Warning (13040): bidirectional pin "GPIO_0[7]" has no driver File: C:/Users/Vinicius Duarte/Documents/repositorios/fechadura-quartus-psd/DE1_SOC_golden_top.sv Line: 126
    Warning (13040): bidirectional pin "GPIO_0[8]" has no driver File: C:/Users/Vinicius Duarte/Documents/repositorios/fechadura-quartus-psd/DE1_SOC_golden_top.sv Line: 126
    Warning (13040): bidirectional pin "GPIO_0[9]" has no driver File: C:/Users/Vinicius Duarte/Documents/repositorios/fechadura-quartus-psd/DE1_SOC_golden_top.sv Line: 126
    Warning (13040): bidirectional pin "GPIO_0[11]" has no driver File: C:/Users/Vinicius Duarte/Documents/repositorios/fechadura-quartus-psd/DE1_SOC_golden_top.sv Line: 126
    Warning (13040): bidirectional pin "GPIO_0[13]" has no driver File: C:/Users/Vinicius Duarte/Documents/repositorios/fechadura-quartus-psd/DE1_SOC_golden_top.sv Line: 126
    Warning (13040): bidirectional pin "GPIO_0[15]" has no driver File: C:/Users/Vinicius Duarte/Documents/repositorios/fechadura-quartus-psd/DE1_SOC_golden_top.sv Line: 126
    Warning (13040): bidirectional pin "GPIO_0[17]" has no driver File: C:/Users/Vinicius Duarte/Documents/repositorios/fechadura-quartus-psd/DE1_SOC_golden_top.sv Line: 126
    Warning (13040): bidirectional pin "GPIO_0[19]" has no driver File: C:/Users/Vinicius Duarte/Documents/repositorios/fechadura-quartus-psd/DE1_SOC_golden_top.sv Line: 126
    Warning (13040): bidirectional pin "GPIO_0[21]" has no driver File: C:/Users/Vinicius Duarte/Documents/repositorios/fechadura-quartus-psd/DE1_SOC_golden_top.sv Line: 126
    Warning (13040): bidirectional pin "GPIO_0[23]" has no driver File: C:/Users/Vinicius Duarte/Documents/repositorios/fechadura-quartus-psd/DE1_SOC_golden_top.sv Line: 126
    Warning (13040): bidirectional pin "GPIO_0[25]" has no driver File: C:/Users/Vinicius Duarte/Documents/repositorios/fechadura-quartus-psd/DE1_SOC_golden_top.sv Line: 126
    Warning (13040): bidirectional pin "GPIO_0[26]" has no driver File: C:/Users/Vinicius Duarte/Documents/repositorios/fechadura-quartus-psd/DE1_SOC_golden_top.sv Line: 126
    Warning (13040): bidirectional pin "GPIO_0[27]" has no driver File: C:/Users/Vinicius Duarte/Documents/repositorios/fechadura-quartus-psd/DE1_SOC_golden_top.sv Line: 126
    Warning (13040): bidirectional pin "GPIO_0[28]" has no driver File: C:/Users/Vinicius Duarte/Documents/repositorios/fechadura-quartus-psd/DE1_SOC_golden_top.sv Line: 126
    Warning (13040): bidirectional pin "GPIO_0[29]" has no driver File: C:/Users/Vinicius Duarte/Documents/repositorios/fechadura-quartus-psd/DE1_SOC_golden_top.sv Line: 126
    Warning (13040): bidirectional pin "GPIO_0[30]" has no driver File: C:/Users/Vinicius Duarte/Documents/repositorios/fechadura-quartus-psd/DE1_SOC_golden_top.sv Line: 126
    Warning (13040): bidirectional pin "GPIO_0[31]" has no driver File: C:/Users/Vinicius Duarte/Documents/repositorios/fechadura-quartus-psd/DE1_SOC_golden_top.sv Line: 126
    Warning (13040): bidirectional pin "GPIO_0[32]" has no driver File: C:/Users/Vinicius Duarte/Documents/repositorios/fechadura-quartus-psd/DE1_SOC_golden_top.sv Line: 126
    Warning (13040): bidirectional pin "GPIO_0[33]" has no driver File: C:/Users/Vinicius Duarte/Documents/repositorios/fechadura-quartus-psd/DE1_SOC_golden_top.sv Line: 126
    Warning (13040): bidirectional pin "GPIO_0[34]" has no driver File: C:/Users/Vinicius Duarte/Documents/repositorios/fechadura-quartus-psd/DE1_SOC_golden_top.sv Line: 126
    Warning (13040): bidirectional pin "GPIO_0[35]" has no driver File: C:/Users/Vinicius Duarte/Documents/repositorios/fechadura-quartus-psd/DE1_SOC_golden_top.sv Line: 126
    Warning (13040): bidirectional pin "GPIO_1[0]" has no driver File: C:/Users/Vinicius Duarte/Documents/repositorios/fechadura-quartus-psd/DE1_SOC_golden_top.sv Line: 127
    Warning (13040): bidirectional pin "GPIO_1[1]" has no driver File: C:/Users/Vinicius Duarte/Documents/repositorios/fechadura-quartus-psd/DE1_SOC_golden_top.sv Line: 127
    Warning (13040): bidirectional pin "GPIO_1[2]" has no driver File: C:/Users/Vinicius Duarte/Documents/repositorios/fechadura-quartus-psd/DE1_SOC_golden_top.sv Line: 127
    Warning (13040): bidirectional pin "GPIO_1[3]" has no driver File: C:/Users/Vinicius Duarte/Documents/repositorios/fechadura-quartus-psd/DE1_SOC_golden_top.sv Line: 127
    Warning (13040): bidirectional pin "GPIO_1[4]" has no driver File: C:/Users/Vinicius Duarte/Documents/repositorios/fechadura-quartus-psd/DE1_SOC_golden_top.sv Line: 127
    Warning (13040): bidirectional pin "GPIO_1[5]" has no driver File: C:/Users/Vinicius Duarte/Documents/repositorios/fechadura-quartus-psd/DE1_SOC_golden_top.sv Line: 127
    Warning (13040): bidirectional pin "GPIO_1[6]" has no driver File: C:/Users/Vinicius Duarte/Documents/repositorios/fechadura-quartus-psd/DE1_SOC_golden_top.sv Line: 127
    Warning (13040): bidirectional pin "GPIO_1[7]" has no driver File: C:/Users/Vinicius Duarte/Documents/repositorios/fechadura-quartus-psd/DE1_SOC_golden_top.sv Line: 127
    Warning (13040): bidirectional pin "GPIO_1[8]" has no driver File: C:/Users/Vinicius Duarte/Documents/repositorios/fechadura-quartus-psd/DE1_SOC_golden_top.sv Line: 127
    Warning (13040): bidirectional pin "GPIO_1[9]" has no driver File: C:/Users/Vinicius Duarte/Documents/repositorios/fechadura-quartus-psd/DE1_SOC_golden_top.sv Line: 127
    Warning (13040): bidirectional pin "GPIO_1[10]" has no driver File: C:/Users/Vinicius Duarte/Documents/repositorios/fechadura-quartus-psd/DE1_SOC_golden_top.sv Line: 127
    Warning (13040): bidirectional pin "GPIO_1[11]" has no driver File: C:/Users/Vinicius Duarte/Documents/repositorios/fechadura-quartus-psd/DE1_SOC_golden_top.sv Line: 127
    Warning (13040): bidirectional pin "GPIO_1[12]" has no driver File: C:/Users/Vinicius Duarte/Documents/repositorios/fechadura-quartus-psd/DE1_SOC_golden_top.sv Line: 127
    Warning (13040): bidirectional pin "GPIO_1[13]" has no driver File: C:/Users/Vinicius Duarte/Documents/repositorios/fechadura-quartus-psd/DE1_SOC_golden_top.sv Line: 127
    Warning (13040): bidirectional pin "GPIO_1[14]" has no driver File: C:/Users/Vinicius Duarte/Documents/repositorios/fechadura-quartus-psd/DE1_SOC_golden_top.sv Line: 127
    Warning (13040): bidirectional pin "GPIO_1[15]" has no driver File: C:/Users/Vinicius Duarte/Documents/repositorios/fechadura-quartus-psd/DE1_SOC_golden_top.sv Line: 127
    Warning (13040): bidirectional pin "GPIO_1[16]" has no driver File: C:/Users/Vinicius Duarte/Documents/repositorios/fechadura-quartus-psd/DE1_SOC_golden_top.sv Line: 127
    Warning (13040): bidirectional pin "GPIO_1[17]" has no driver File: C:/Users/Vinicius Duarte/Documents/repositorios/fechadura-quartus-psd/DE1_SOC_golden_top.sv Line: 127
    Warning (13040): bidirectional pin "GPIO_1[18]" has no driver File: C:/Users/Vinicius Duarte/Documents/repositorios/fechadura-quartus-psd/DE1_SOC_golden_top.sv Line: 127
    Warning (13040): bidirectional pin "GPIO_1[19]" has no driver File: C:/Users/Vinicius Duarte/Documents/repositorios/fechadura-quartus-psd/DE1_SOC_golden_top.sv Line: 127
    Warning (13040): bidirectional pin "GPIO_1[20]" has no driver File: C:/Users/Vinicius Duarte/Documents/repositorios/fechadura-quartus-psd/DE1_SOC_golden_top.sv Line: 127
    Warning (13040): bidirectional pin "GPIO_1[21]" has no driver File: C:/Users/Vinicius Duarte/Documents/repositorios/fechadura-quartus-psd/DE1_SOC_golden_top.sv Line: 127
    Warning (13040): bidirectional pin "GPIO_1[22]" has no driver File: C:/Users/Vinicius Duarte/Documents/repositorios/fechadura-quartus-psd/DE1_SOC_golden_top.sv Line: 127
    Warning (13040): bidirectional pin "GPIO_1[23]" has no driver File: C:/Users/Vinicius Duarte/Documents/repositorios/fechadura-quartus-psd/DE1_SOC_golden_top.sv Line: 127
    Warning (13040): bidirectional pin "GPIO_1[24]" has no driver File: C:/Users/Vinicius Duarte/Documents/repositorios/fechadura-quartus-psd/DE1_SOC_golden_top.sv Line: 127
    Warning (13040): bidirectional pin "GPIO_1[25]" has no driver File: C:/Users/Vinicius Duarte/Documents/repositorios/fechadura-quartus-psd/DE1_SOC_golden_top.sv Line: 127
    Warning (13040): bidirectional pin "GPIO_1[26]" has no driver File: C:/Users/Vinicius Duarte/Documents/repositorios/fechadura-quartus-psd/DE1_SOC_golden_top.sv Line: 127
    Warning (13040): bidirectional pin "GPIO_1[27]" has no driver File: C:/Users/Vinicius Duarte/Documents/repositorios/fechadura-quartus-psd/DE1_SOC_golden_top.sv Line: 127
    Warning (13040): bidirectional pin "GPIO_1[28]" has no driver File: C:/Users/Vinicius Duarte/Documents/repositorios/fechadura-quartus-psd/DE1_SOC_golden_top.sv Line: 127
    Warning (13040): bidirectional pin "GPIO_1[29]" has no driver File: C:/Users/Vinicius Duarte/Documents/repositorios/fechadura-quartus-psd/DE1_SOC_golden_top.sv Line: 127
    Warning (13040): bidirectional pin "GPIO_1[30]" has no driver File: C:/Users/Vinicius Duarte/Documents/repositorios/fechadura-quartus-psd/DE1_SOC_golden_top.sv Line: 127
    Warning (13040): bidirectional pin "GPIO_1[31]" has no driver File: C:/Users/Vinicius Duarte/Documents/repositorios/fechadura-quartus-psd/DE1_SOC_golden_top.sv Line: 127
    Warning (13040): bidirectional pin "GPIO_1[32]" has no driver File: C:/Users/Vinicius Duarte/Documents/repositorios/fechadura-quartus-psd/DE1_SOC_golden_top.sv Line: 127
    Warning (13040): bidirectional pin "GPIO_1[33]" has no driver File: C:/Users/Vinicius Duarte/Documents/repositorios/fechadura-quartus-psd/DE1_SOC_golden_top.sv Line: 127
    Warning (13040): bidirectional pin "GPIO_1[34]" has no driver File: C:/Users/Vinicius Duarte/Documents/repositorios/fechadura-quartus-psd/DE1_SOC_golden_top.sv Line: 127
    Warning (13040): bidirectional pin "GPIO_1[35]" has no driver File: C:/Users/Vinicius Duarte/Documents/repositorios/fechadura-quartus-psd/DE1_SOC_golden_top.sv Line: 127
    Warning (13040): bidirectional pin "PS2_CLK" has no driver File: C:/Users/Vinicius Duarte/Documents/repositorios/fechadura-quartus-psd/DE1_SOC_golden_top.sv Line: 215
    Warning (13040): bidirectional pin "PS2_CLK2" has no driver File: C:/Users/Vinicius Duarte/Documents/repositorios/fechadura-quartus-psd/DE1_SOC_golden_top.sv Line: 216
    Warning (13040): bidirectional pin "PS2_DAT" has no driver File: C:/Users/Vinicius Duarte/Documents/repositorios/fechadura-quartus-psd/DE1_SOC_golden_top.sv Line: 217
    Warning (13040): bidirectional pin "PS2_DAT2" has no driver File: C:/Users/Vinicius Duarte/Documents/repositorios/fechadura-quartus-psd/DE1_SOC_golden_top.sv Line: 218
Warning (13009): TRI or OPNDRN buffers permanently enabled
    Warning (13010): Node "GPIO_0[18]~synth" File: C:/Users/Vinicius Duarte/Documents/repositorios/fechadura-quartus-psd/DE1_SOC_golden_top.sv Line: 126
    Warning (13010): Node "GPIO_0[20]~synth" File: C:/Users/Vinicius Duarte/Documents/repositorios/fechadura-quartus-psd/DE1_SOC_golden_top.sv Line: 126
    Warning (13010): Node "GPIO_0[22]~synth" File: C:/Users/Vinicius Duarte/Documents/repositorios/fechadura-quartus-psd/DE1_SOC_golden_top.sv Line: 126
    Warning (13010): Node "GPIO_0[24]~synth" File: C:/Users/Vinicius Duarte/Documents/repositorios/fechadura-quartus-psd/DE1_SOC_golden_top.sv Line: 126
Warning (13024): Output pins are stuck at VCC or GND
    Warning (13410): Pin "ADC_CONVST" is stuck at GND File: C:/Users/Vinicius Duarte/Documents/repositorios/fechadura-quartus-psd/DE1_SOC_golden_top.sv Line: 59
    Warning (13410): Pin "ADC_DIN" is stuck at GND File: C:/Users/Vinicius Duarte/Documents/repositorios/fechadura-quartus-psd/DE1_SOC_golden_top.sv Line: 60
    Warning (13410): Pin "ADC_SCLK" is stuck at GND File: C:/Users/Vinicius Duarte/Documents/repositorios/fechadura-quartus-psd/DE1_SOC_golden_top.sv Line: 62
    Warning (13410): Pin "AUD_DACDAT" is stuck at GND File: C:/Users/Vinicius Duarte/Documents/repositorios/fechadura-quartus-psd/DE1_SOC_golden_top.sv Line: 72
    Warning (13410): Pin "AUD_XCK" is stuck at GND File: C:/Users/Vinicius Duarte/Documents/repositorios/fechadura-quartus-psd/DE1_SOC_golden_top.sv Line: 74
    Warning (13410): Pin "DRAM_ADDR[0]" is stuck at GND File: C:/Users/Vinicius Duarte/Documents/repositorios/fechadura-quartus-psd/DE1_SOC_golden_top.sv Line: 100
    Warning (13410): Pin "DRAM_ADDR[1]" is stuck at GND File: C:/Users/Vinicius Duarte/Documents/repositorios/fechadura-quartus-psd/DE1_SOC_golden_top.sv Line: 100
    Warning (13410): Pin "DRAM_ADDR[2]" is stuck at GND File: C:/Users/Vinicius Duarte/Documents/repositorios/fechadura-quartus-psd/DE1_SOC_golden_top.sv Line: 100
    Warning (13410): Pin "DRAM_ADDR[3]" is stuck at GND File: C:/Users/Vinicius Duarte/Documents/repositorios/fechadura-quartus-psd/DE1_SOC_golden_top.sv Line: 100
    Warning (13410): Pin "DRAM_ADDR[4]" is stuck at GND File: C:/Users/Vinicius Duarte/Documents/repositorios/fechadura-quartus-psd/DE1_SOC_golden_top.sv Line: 100
    Warning (13410): Pin "DRAM_ADDR[5]" is stuck at GND File: C:/Users/Vinicius Duarte/Documents/repositorios/fechadura-quartus-psd/DE1_SOC_golden_top.sv Line: 100
    Warning (13410): Pin "DRAM_ADDR[6]" is stuck at GND File: C:/Users/Vinicius Duarte/Documents/repositorios/fechadura-quartus-psd/DE1_SOC_golden_top.sv Line: 100
    Warning (13410): Pin "DRAM_ADDR[7]" is stuck at GND File: C:/Users/Vinicius Duarte/Documents/repositorios/fechadura-quartus-psd/DE1_SOC_golden_top.sv Line: 100
    Warning (13410): Pin "DRAM_ADDR[8]" is stuck at GND File: C:/Users/Vinicius Duarte/Documents/repositorios/fechadura-quartus-psd/DE1_SOC_golden_top.sv Line: 100
    Warning (13410): Pin "DRAM_ADDR[9]" is stuck at GND File: C:/Users/Vinicius Duarte/Documents/repositorios/fechadura-quartus-psd/DE1_SOC_golden_top.sv Line: 100
    Warning (13410): Pin "DRAM_ADDR[10]" is stuck at GND File: C:/Users/Vinicius Duarte/Documents/repositorios/fechadura-quartus-psd/DE1_SOC_golden_top.sv Line: 100
    Warning (13410): Pin "DRAM_ADDR[11]" is stuck at GND File: C:/Users/Vinicius Duarte/Documents/repositorios/fechadura-quartus-psd/DE1_SOC_golden_top.sv Line: 100
    Warning (13410): Pin "DRAM_ADDR[12]" is stuck at GND File: C:/Users/Vinicius Duarte/Documents/repositorios/fechadura-quartus-psd/DE1_SOC_golden_top.sv Line: 100
    Warning (13410): Pin "DRAM_BA[0]" is stuck at GND File: C:/Users/Vinicius Duarte/Documents/repositorios/fechadura-quartus-psd/DE1_SOC_golden_top.sv Line: 101
    Warning (13410): Pin "DRAM_BA[1]" is stuck at GND File: C:/Users/Vinicius Duarte/Documents/repositorios/fechadura-quartus-psd/DE1_SOC_golden_top.sv Line: 101
    Warning (13410): Pin "DRAM_CAS_N" is stuck at GND File: C:/Users/Vinicius Duarte/Documents/repositorios/fechadura-quartus-psd/DE1_SOC_golden_top.sv Line: 102
    Warning (13410): Pin "DRAM_CKE" is stuck at GND File: C:/Users/Vinicius Duarte/Documents/repositorios/fechadura-quartus-psd/DE1_SOC_golden_top.sv Line: 103
    Warning (13410): Pin "DRAM_CLK" is stuck at GND File: C:/Users/Vinicius Duarte/Documents/repositorios/fechadura-quartus-psd/DE1_SOC_golden_top.sv Line: 104
    Warning (13410): Pin "DRAM_CS_N" is stuck at GND File: C:/Users/Vinicius Duarte/Documents/repositorios/fechadura-quartus-psd/DE1_SOC_golden_top.sv Line: 105
    Warning (13410): Pin "DRAM_LDQM" is stuck at GND File: C:/Users/Vinicius Duarte/Documents/repositorios/fechadura-quartus-psd/DE1_SOC_golden_top.sv Line: 107
    Warning (13410): Pin "DRAM_RAS_N" is stuck at GND File: C:/Users/Vinicius Duarte/Documents/repositorios/fechadura-quartus-psd/DE1_SOC_golden_top.sv Line: 108
    Warning (13410): Pin "DRAM_UDQM" is stuck at GND File: C:/Users/Vinicius Duarte/Documents/repositorios/fechadura-quartus-psd/DE1_SOC_golden_top.sv Line: 109
    Warning (13410): Pin "DRAM_WE_N" is stuck at GND File: C:/Users/Vinicius Duarte/Documents/repositorios/fechadura-quartus-psd/DE1_SOC_golden_top.sv Line: 110
    Warning (13410): Pin "FAN_CTRL" is stuck at GND File: C:/Users/Vinicius Duarte/Documents/repositorios/fechadura-quartus-psd/DE1_SOC_golden_top.sv Line: 115
    Warning (13410): Pin "FPGA_I2C_SCLK" is stuck at GND File: C:/Users/Vinicius Duarte/Documents/repositorios/fechadura-quartus-psd/DE1_SOC_golden_top.sv Line: 120
    Warning (13410): Pin "IRDA_TXD" is stuck at GND File: C:/Users/Vinicius Duarte/Documents/repositorios/fechadura-quartus-psd/DE1_SOC_golden_top.sv Line: 200
    Warning (13410): Pin "LEDR[3]" is stuck at GND File: C:/Users/Vinicius Duarte/Documents/repositorios/fechadura-quartus-psd/DE1_SOC_golden_top.sv Line: 210
    Warning (13410): Pin "LEDR[4]" is stuck at GND File: C:/Users/Vinicius Duarte/Documents/repositorios/fechadura-quartus-psd/DE1_SOC_golden_top.sv Line: 210
    Warning (13410): Pin "LEDR[5]" is stuck at GND File: C:/Users/Vinicius Duarte/Documents/repositorios/fechadura-quartus-psd/DE1_SOC_golden_top.sv Line: 210
    Warning (13410): Pin "LEDR[6]" is stuck at GND File: C:/Users/Vinicius Duarte/Documents/repositorios/fechadura-quartus-psd/DE1_SOC_golden_top.sv Line: 210
    Warning (13410): Pin "LEDR[7]" is stuck at GND File: C:/Users/Vinicius Duarte/Documents/repositorios/fechadura-quartus-psd/DE1_SOC_golden_top.sv Line: 210
    Warning (13410): Pin "LEDR[8]" is stuck at GND File: C:/Users/Vinicius Duarte/Documents/repositorios/fechadura-quartus-psd/DE1_SOC_golden_top.sv Line: 210
    Warning (13410): Pin "TD_RESET_N" is stuck at GND File: C:/Users/Vinicius Duarte/Documents/repositorios/fechadura-quartus-psd/DE1_SOC_golden_top.sv Line: 231
    Warning (13410): Pin "VGA_B[0]" is stuck at GND File: C:/Users/Vinicius Duarte/Documents/repositorios/fechadura-quartus-psd/DE1_SOC_golden_top.sv Line: 237
    Warning (13410): Pin "VGA_B[1]" is stuck at GND File: C:/Users/Vinicius Duarte/Documents/repositorios/fechadura-quartus-psd/DE1_SOC_golden_top.sv Line: 237
    Warning (13410): Pin "VGA_B[2]" is stuck at GND File: C:/Users/Vinicius Duarte/Documents/repositorios/fechadura-quartus-psd/DE1_SOC_golden_top.sv Line: 237
    Warning (13410): Pin "VGA_B[3]" is stuck at GND File: C:/Users/Vinicius Duarte/Documents/repositorios/fechadura-quartus-psd/DE1_SOC_golden_top.sv Line: 237
    Warning (13410): Pin "VGA_B[4]" is stuck at GND File: C:/Users/Vinicius Duarte/Documents/repositorios/fechadura-quartus-psd/DE1_SOC_golden_top.sv Line: 237
    Warning (13410): Pin "VGA_B[5]" is stuck at GND File: C:/Users/Vinicius Duarte/Documents/repositorios/fechadura-quartus-psd/DE1_SOC_golden_top.sv Line: 237
    Warning (13410): Pin "VGA_B[6]" is stuck at GND File: C:/Users/Vinicius Duarte/Documents/repositorios/fechadura-quartus-psd/DE1_SOC_golden_top.sv Line: 237
    Warning (13410): Pin "VGA_B[7]" is stuck at GND File: C:/Users/Vinicius Duarte/Documents/repositorios/fechadura-quartus-psd/DE1_SOC_golden_top.sv Line: 237
    Warning (13410): Pin "VGA_BLANK_N" is stuck at GND File: C:/Users/Vinicius Duarte/Documents/repositorios/fechadura-quartus-psd/DE1_SOC_golden_top.sv Line: 238
    Warning (13410): Pin "VGA_CLK" is stuck at GND File: C:/Users/Vinicius Duarte/Documents/repositorios/fechadura-quartus-psd/DE1_SOC_golden_top.sv Line: 239
    Warning (13410): Pin "VGA_G[0]" is stuck at GND File: C:/Users/Vinicius Duarte/Documents/repositorios/fechadura-quartus-psd/DE1_SOC_golden_top.sv Line: 240
    Warning (13410): Pin "VGA_G[1]" is stuck at GND File: C:/Users/Vinicius Duarte/Documents/repositorios/fechadura-quartus-psd/DE1_SOC_golden_top.sv Line: 240
    Warning (13410): Pin "VGA_G[2]" is stuck at GND File: C:/Users/Vinicius Duarte/Documents/repositorios/fechadura-quartus-psd/DE1_SOC_golden_top.sv Line: 240
    Warning (13410): Pin "VGA_G[3]" is stuck at GND File: C:/Users/Vinicius Duarte/Documents/repositorios/fechadura-quartus-psd/DE1_SOC_golden_top.sv Line: 240
    Warning (13410): Pin "VGA_G[4]" is stuck at GND File: C:/Users/Vinicius Duarte/Documents/repositorios/fechadura-quartus-psd/DE1_SOC_golden_top.sv Line: 240
    Warning (13410): Pin "VGA_G[5]" is stuck at GND File: C:/Users/Vinicius Duarte/Documents/repositorios/fechadura-quartus-psd/DE1_SOC_golden_top.sv Line: 240
    Warning (13410): Pin "VGA_G[6]" is stuck at GND File: C:/Users/Vinicius Duarte/Documents/repositorios/fechadura-quartus-psd/DE1_SOC_golden_top.sv Line: 240
    Warning (13410): Pin "VGA_G[7]" is stuck at GND File: C:/Users/Vinicius Duarte/Documents/repositorios/fechadura-quartus-psd/DE1_SOC_golden_top.sv Line: 240
    Warning (13410): Pin "VGA_HS" is stuck at GND File: C:/Users/Vinicius Duarte/Documents/repositorios/fechadura-quartus-psd/DE1_SOC_golden_top.sv Line: 241
    Warning (13410): Pin "VGA_R[0]" is stuck at GND File: C:/Users/Vinicius Duarte/Documents/repositorios/fechadura-quartus-psd/DE1_SOC_golden_top.sv Line: 242
    Warning (13410): Pin "VGA_R[1]" is stuck at GND File: C:/Users/Vinicius Duarte/Documents/repositorios/fechadura-quartus-psd/DE1_SOC_golden_top.sv Line: 242
    Warning (13410): Pin "VGA_R[2]" is stuck at GND File: C:/Users/Vinicius Duarte/Documents/repositorios/fechadura-quartus-psd/DE1_SOC_golden_top.sv Line: 242
    Warning (13410): Pin "VGA_R[3]" is stuck at GND File: C:/Users/Vinicius Duarte/Documents/repositorios/fechadura-quartus-psd/DE1_SOC_golden_top.sv Line: 242
    Warning (13410): Pin "VGA_R[4]" is stuck at GND File: C:/Users/Vinicius Duarte/Documents/repositorios/fechadura-quartus-psd/DE1_SOC_golden_top.sv Line: 242
    Warning (13410): Pin "VGA_R[5]" is stuck at GND File: C:/Users/Vinicius Duarte/Documents/repositorios/fechadura-quartus-psd/DE1_SOC_golden_top.sv Line: 242
    Warning (13410): Pin "VGA_R[6]" is stuck at GND File: C:/Users/Vinicius Duarte/Documents/repositorios/fechadura-quartus-psd/DE1_SOC_golden_top.sv Line: 242
    Warning (13410): Pin "VGA_R[7]" is stuck at GND File: C:/Users/Vinicius Duarte/Documents/repositorios/fechadura-quartus-psd/DE1_SOC_golden_top.sv Line: 242
    Warning (13410): Pin "VGA_SYNC_N" is stuck at GND File: C:/Users/Vinicius Duarte/Documents/repositorios/fechadura-quartus-psd/DE1_SOC_golden_top.sv Line: 243
    Warning (13410): Pin "VGA_VS" is stuck at GND File: C:/Users/Vinicius Duarte/Documents/repositorios/fechadura-quartus-psd/DE1_SOC_golden_top.sv Line: 246
Info (286030): Timing-Driven Synthesis is running
Info (17049): 16 registers lost all their fanouts during netlist optimizations.
Info (144001): Generated suppressed messages file C:/Users/Vinicius Duarte/Documents/repositorios/fechadura-quartus-psd/output_files/fechadura-eletronica.map.smsg
Info (16010): Generating hard_block partition "hard_block:auto_generated_inst"
    Info (16011): Adding 0 node(s), including 0 DDIO, 0 PLL, 0 transceiver and 0 LCELL
Warning (21074): Design contains 25 input pin(s) that do not drive logic
    Warning (15610): No output dependent on input pin "ADC_DOUT" File: C:/Users/Vinicius Duarte/Documents/repositorios/fechadura-quartus-psd/DE1_SOC_golden_top.sv Line: 61
    Warning (15610): No output dependent on input pin "AUD_ADCDAT" File: C:/Users/Vinicius Duarte/Documents/repositorios/fechadura-quartus-psd/DE1_SOC_golden_top.sv Line: 69
    Warning (15610): No output dependent on input pin "CLOCK2_50" File: C:/Users/Vinicius Duarte/Documents/repositorios/fechadura-quartus-psd/DE1_SOC_golden_top.sv Line: 80
    Warning (15610): No output dependent on input pin "CLOCK3_50" File: C:/Users/Vinicius Duarte/Documents/repositorios/fechadura-quartus-psd/DE1_SOC_golden_top.sv Line: 85
    Warning (15610): No output dependent on input pin "CLOCK4_50" File: C:/Users/Vinicius Duarte/Documents/repositorios/fechadura-quartus-psd/DE1_SOC_golden_top.sv Line: 90
    Warning (15610): No output dependent on input pin "IRDA_RXD" File: C:/Users/Vinicius Duarte/Documents/repositorios/fechadura-quartus-psd/DE1_SOC_golden_top.sv Line: 199
    Warning (15610): No output dependent on input pin "KEY[2]" File: C:/Users/Vinicius Duarte/Documents/repositorios/fechadura-quartus-psd/DE1_SOC_golden_top.sv Line: 205
    Warning (15610): No output dependent on input pin "KEY[3]" File: C:/Users/Vinicius Duarte/Documents/repositorios/fechadura-quartus-psd/DE1_SOC_golden_top.sv Line: 205
    Warning (15610): No output dependent on input pin "SW[0]" File: C:/Users/Vinicius Duarte/Documents/repositorios/fechadura-quartus-psd/DE1_SOC_golden_top.sv Line: 223
    Warning (15610): No output dependent on input pin "SW[5]" File: C:/Users/Vinicius Duarte/Documents/repositorios/fechadura-quartus-psd/DE1_SOC_golden_top.sv Line: 223
    Warning (15610): No output dependent on input pin "SW[6]" File: C:/Users/Vinicius Duarte/Documents/repositorios/fechadura-quartus-psd/DE1_SOC_golden_top.sv Line: 223
    Warning (15610): No output dependent on input pin "SW[7]" File: C:/Users/Vinicius Duarte/Documents/repositorios/fechadura-quartus-psd/DE1_SOC_golden_top.sv Line: 223
    Warning (15610): No output dependent on input pin "SW[8]" File: C:/Users/Vinicius Duarte/Documents/repositorios/fechadura-quartus-psd/DE1_SOC_golden_top.sv Line: 223
    Warning (15610): No output dependent on input pin "SW[9]" File: C:/Users/Vinicius Duarte/Documents/repositorios/fechadura-quartus-psd/DE1_SOC_golden_top.sv Line: 223
    Warning (15610): No output dependent on input pin "TD_CLK27" File: C:/Users/Vinicius Duarte/Documents/repositorios/fechadura-quartus-psd/DE1_SOC_golden_top.sv Line: 228
    Warning (15610): No output dependent on input pin "TD_DATA[0]" File: C:/Users/Vinicius Duarte/Documents/repositorios/fechadura-quartus-psd/DE1_SOC_golden_top.sv Line: 229
    Warning (15610): No output dependent on input pin "TD_DATA[1]" File: C:/Users/Vinicius Duarte/Documents/repositorios/fechadura-quartus-psd/DE1_SOC_golden_top.sv Line: 229
    Warning (15610): No output dependent on input pin "TD_DATA[2]" File: C:/Users/Vinicius Duarte/Documents/repositorios/fechadura-quartus-psd/DE1_SOC_golden_top.sv Line: 229
    Warning (15610): No output dependent on input pin "TD_DATA[3]" File: C:/Users/Vinicius Duarte/Documents/repositorios/fechadura-quartus-psd/DE1_SOC_golden_top.sv Line: 229
    Warning (15610): No output dependent on input pin "TD_DATA[4]" File: C:/Users/Vinicius Duarte/Documents/repositorios/fechadura-quartus-psd/DE1_SOC_golden_top.sv Line: 229
    Warning (15610): No output dependent on input pin "TD_DATA[5]" File: C:/Users/Vinicius Duarte/Documents/repositorios/fechadura-quartus-psd/DE1_SOC_golden_top.sv Line: 229
    Warning (15610): No output dependent on input pin "TD_DATA[6]" File: C:/Users/Vinicius Duarte/Documents/repositorios/fechadura-quartus-psd/DE1_SOC_golden_top.sv Line: 229
    Warning (15610): No output dependent on input pin "TD_DATA[7]" File: C:/Users/Vinicius Duarte/Documents/repositorios/fechadura-quartus-psd/DE1_SOC_golden_top.sv Line: 229
    Warning (15610): No output dependent on input pin "TD_HS" File: C:/Users/Vinicius Duarte/Documents/repositorios/fechadura-quartus-psd/DE1_SOC_golden_top.sv Line: 230
    Warning (15610): No output dependent on input pin "TD_VS" File: C:/Users/Vinicius Duarte/Documents/repositorios/fechadura-quartus-psd/DE1_SOC_golden_top.sv Line: 232
Info (21057): Implemented 3892 device resources after synthesis - the final resource count might be different
    Info (21058): Implemented 32 input pins
    Info (21059): Implemented 113 output pins
    Info (21060): Implemented 96 bidirectional pins
    Info (21061): Implemented 3648 logic cells
    Info (21062): Implemented 3 DSP elements
Info: Quartus Prime Analysis & Synthesis was successful. 0 errors, 242 warnings
    Info: Peak virtual memory: 4971 megabytes
    Info: Processing ended: Tue Jun  9 15:54:04 2026
    Info: Elapsed time: 00:00:21
    Info: Total CPU time (on all processors): 00:00:37


+------------------------------------------+
; Analysis & Synthesis Suppressed Messages ;
+------------------------------------------+
The suppressed messages can be found in C:/Users/Vinicius Duarte/Documents/repositorios/fechadura-quartus-psd/output_files/fechadura-eletronica.map.smsg.


